CREATE DATABASE DotNetCourseDatabase
GO
    
USE DotNetCourseDatabase
GO
    
CREATE SCHEMA TutorialAppSchema
GO

DROP TABLE IF EXISTS TutorialAppSchema.Users;

CREATE TABLE TutorialAppSchema.Users
(
    UserId INT IDENTITY(1, 1) PRIMARY KEY,
    FirstName NVARCHAR(50),
    LastName NVARCHAR(50),
    Email NVARCHAR(50),
    Gender NVARCHAR(50),
    Active BIT
);

DROP TABLE IF EXISTS TutorialAppSchema.UserSalary;

CREATE TABLE TutorialAppSchema.UserSalary
(
    UserId INT,
    Salary DECIMAL(18, 4)
);

DROP TABLE IF EXISTS TutorialAppSchema.UserJobInfo;

CREATE TABLE TutorialAppSchema.UserJobInfo
(
    UserId INT,
    JobTitle NVARCHAR(50),
    Department NVARCHAR(50)
);

SELECT 1;

SET IDENTITY_INSERT TutorialAppSchema.Users ON;INSERT INTO TutorialAppSchema.Users (UserId,FirstName,LastName,Email,Gender,Active)VALUES(1, 'Albertina', 'O''Finan', 'aofinan0@blogspot.com', 'Female', 'False'),(2, 'Franky', 'Laidler', 'flaidler1@over-blog.com', 'Bigender', 'True'),(3, 'Farica', 'Wynn', 'fwynn2@redcross.org', 'Female', 'False'),(4, 'Bordie', 'Rodda', 'brodda3@columbia.edu', 'Female', 'True'),(5, 'Charley', 'Pack', 'cpack4@answers.com', 'Female', 'False'),(6, 'Morganne', 'Clother', 'mclother5@nifty.com', 'Male', 'False'),(7, 'Arty', 'Gillott', 'agillott6@barnesandnoble.com', 'Male', 'False'),(8, 'Thorvald', 'Vines', 'tvines7@cloudflare.com', 'Male', 'True'),(9, 'Hilarius', 'Nicholl', 'hnicholl8@amazonaws.com', 'Female', 'True'),(10, 'Enriqueta', 'Tilston', 'etilston9@cbc.ca', 'Female', 'False'),(11, 'Symon', 'Oakland', 'soaklanda@flickr.com', 'Female', 'True'),(12, 'Violet', 'Perkis', 'vperkisb@typepad.com', 'Male', 'True'),(13, 'Stephine', 'Paschke', 'spaschkec@chronoengine.com', 'Male', 'False'),(14, 'Salvatore', 'Sprouls', 'ssproulsd@businessinsider.com', 'Female', 'True'),(15, 'Liuka', 'Di Meo', 'ldimeoe@economist.com', 'Female', 'True'),(16, 'Rubina', 'Griss', 'rgrissf@fema.gov', 'Female', 'True'),(17, 'Aloysia', 'Ledington', 'aledingtong@bandcamp.com', 'Male', 'False'),(18, 'Daria', 'Suddock', 'dsuddockh@wired.com', 'Male', 'True'),(19, 'Gaylord', 'Moreman', 'gmoremani@godaddy.com', 'Female', 'False'),(20, 'Brina', 'Cronkshaw', 'bcronkshawj@webeden.co.uk', 'Male', 'True'),(21, 'Joelynn', 'MacGaughie', 'jmacgaughiek@altervista.org', 'Female', 'False'),(22, 'Kennett', 'Itzkovsky', 'kitzkovskyl@zimbio.com', 'Male', 'False'),(23, 'Cyndie', 'Adenot', 'cadenotm@edublogs.org', 'Female', 'False'),(24, 'Cilka', 'Shaddock', 'cshaddockn@geocities.com', 'Female', 'True'),(25, 'Baxie', 'Baudasso', 'bbaudassoo@reddit.com', 'Female', 'True'),(26, 'Cordi', 'Fowley', 'cfowleyp@sogou.com', 'Agender', 'False'),(27, 'Matt', 'Cordero', 'mcorderoq@chron.com', 'Male', 'True'),(28, 'Eward', 'Bento', 'ebentor@wisc.edu', 'Male', 'True'),(29, 'Wylie', 'Ellwell', 'wellwells@storify.com', 'Female', 'True'),(30, 'Kathrine', 'Scarth', 'kscartht@tmall.com', 'Genderqueer', 'True'),(31, 'Truda', 'Trenchard', 'ttrenchardu@earthlink.net', 'Male', 'True'),(32, 'Lorianne', 'Annakin', 'lannakinv@slideshare.net', 'Female', 'True'),(33, 'Dawn', 'Watts', 'dwattsw@usatoday.com', 'Female', 'True'),(34, 'Munmro', 'Bourdice', 'mbourdicex@webs.com', 'Polygender', 'False'),(35, 'Agata', 'Roman', 'aromany@indiegogo.com', 'Female', 'False'),(36, 'Marley', 'Grayshan', 'mgrayshanz@jimdo.com', 'Female', 'False'),(37, 'Alaine', 'Dawdry', 'adawdry10@icq.com', 'Male', 'True'),(38, 'Raquela', 'Bontine', 'rbontine11@vimeo.com', 'Female', 'False'),(39, 'Elsinore', 'Rist', 'erist12@constantcontact.com', 'Male', 'False'),(40, 'Jobey', 'Ridgley', 'jridgley13@businessweek.com', 'Male', 'True'),(41, 'Marsiella', 'Carlsen', 'mcarlsen14@smugmug.com', 'Female', 'False'),(42, 'Enrichetta', 'Thornewill', 'ethornewill15@adobe.com', 'Male', 'True'),(43, 'Ernestus', 'Soane', 'esoane16@sphinn.com', 'Female', 'True'),(44, 'Niko', 'Crandon', 'ncrandon17@themeforest.net', 'Male', 'False'),(45, 'Nertie', 'Rooson', 'nrooson18@tuttocitta.it', 'Female', 'False'),(46, 'Dennison', 'Acton', 'dacton19@typepad.com', 'Female', 'False'),(47, 'Deane', 'Pendlebury', 'dpendlebury1a@angelfire.com', 'Female', 'False'),(48, 'Athene', 'Gladebeck', 'agladebeck1b@economist.com', 'Non-binary', 'True'),(49, 'Kingsly', 'Mollison', 'kmollison1c@spiegel.de', 'Male', 'True'),(50, 'Gabbi', 'Barkworth', 'gbarkworth1d@mayoclinic.com', 'Female', 'False'),(51, 'Irving', 'Fernanando', 'ifernanando1e@miitbeian.gov.cn', 'Male', 'True'),(52, 'Orrin', 'Gookes', 'ogookes1f@macromedia.com', 'Agender', 'True'),(53, 'Row', 'June', 'rjune1g@wiley.com', 'Female', 'False'),(54, 'Valerye', 'Foulks', 'vfoulks1h@tinyurl.com', 'Female', 'True'),(55, 'Amandy', 'Cuppleditch', 'acuppleditch1i@ucla.edu', 'Male', 'True')
SET IDENTITY_INSERT TutorialAppSchema.Users ON;INSERT INTO TutorialAppSchema.Users (UserId,FirstName ,LastName,Email,Gender,Active)VALUES(56, 'Carolyne', 'Conen', 'cconen1j@so-net.ne.jp', 'Male', 'False'),(57, 'Stanfield', 'Burgh', 'sburgh1k@rambler.ru', 'Female', 'True'),(58, 'Rice', 'Daniele', 'rdaniele1l@ihg.com', 'Male', 'True'),(59, 'Mathew', 'MacGille', 'mmacgille1m@privacy.gov.au', 'Male', 'False'),(60, 'Joseph', 'Inns', 'jinns1n@state.gov', 'Agender', 'True'),(61, 'Martina', 'Godbald', 'mgodbald1o@squidoo.com', 'Male', 'False'),(62, 'Wendye', 'Venny', 'wvenny1p@istockphoto.com', 'Female', 'True'),(63, 'Dorita', 'Markey', 'dmarkey1q@delicious.com', 'Female', 'True'),(64, 'Sherline', 'McGaugey', 'smcgaugey1r@eventbrite.com', 'Male', 'True'),(65, 'Elsworth', 'Cavey', 'ecavey1s@stanford.edu', 'Female', 'True'),(66, 'Arv', 'Harrald', 'aharrald1t@disqus.com', 'Non-binary', 'True'),(67, 'Ripley', 'Pratt', 'rpratt1u@springer.com', 'Female', 'False'),(68, 'Fonzie', 'Liversedge', 'fliversedge1v@delicious.com', 'Male', 'False'),(69, 'Dolorita', 'McConnal', 'dmcconnal1w@weather.com', 'Male', 'False'),(70, 'Bridie', 'Guise', 'bguise1x@foxnews.com', 'Female', 'False'),(71, 'Addie', 'Retter', 'aretter1y@foxnews.com', 'Female', 'True'),(72, 'Tamiko', 'Guisot', 'tguisot1z@e-recht24.de', 'Bigender', 'True'),(73, 'Ardra', 'Seath', 'aseath20@slate.com', 'Male', 'False'),(74, 'Kynthia', 'Brambell', 'kbrambell21@com.com', 'Male', 'True'),(75, 'Ninetta', 'Tarr', 'ntarr22@google.com.hk', 'Male', 'True'),(76, 'Cacilie', 'Glancy', 'cglancy23@arizona.edu', 'Male', 'False'),(77, 'Clive', 'Hoyt', 'choyt24@wix.com', 'Female', 'True'),(78, 'Arabel', 'Montford', 'amontford25@example.com', 'Male', 'False'),(79, 'Alfie', 'Jakubczyk', 'ajakubczyk26@xing.com', 'Female', 'True'),(80, 'Mary', 'Florez', 'mflorez27@multiply.com', 'Female', 'True'),(81, 'Lanae', 'Brigstock', 'lbrigstock28@liveinternet.ru', 'Male', 'False'),(82, 'Kerwinn', 'Pancoust', 'kpancoust29@dropbox.com', 'Male', 'True'),(83, 'Dre', 'Enticknap', 'denticknap2a@jigsy.com', 'Female', 'True'),(84, 'Alice', 'Kinchin', 'akinchin2b@narod.ru', 'Male', 'False'),(85, 'Hilario', 'Sutterby', 'hsutterby2c@economist.com', 'Female', 'False'),(86, 'Evered', 'Cordoba', 'ecordoba2d@amazon.co.jp', 'Female', 'True'),(87, 'Wallis', 'Simister', 'wsimister2e@etsy.com', 'Female', 'False'),(88, 'Caryn', 'Gatley', 'cgatley2f@cornell.edu', 'Female', 'False'),(89, 'Amber', 'Jozwicki', 'ajozwicki2g@hatena.ne.jp', 'Male', 'True'),(90, 'Ulises', 'Clampton', 'uclampton2h@prweb.com', 'Female', 'True'),(91, 'Zena', 'Julyan', 'zjulyan2i@earthlink.net', 'Male', 'False'),(92, 'Laurie', 'Disbrow', 'ldisbrow2j@sbwire.com', 'Male', 'True'),(93, 'Amara', 'Spellessy', 'aspellessy2k@nationalgeographic.com', 'Genderqueer', 'False'),(94, 'Florance', 'Bedward', 'fbedward2l@weather.com', 'Female', 'True'),(95, 'Haywood', 'Benet', 'hbenet2m@yale.edu', 'Male', 'False'),(96, 'Nicholle', 'Benzi', 'nbenzi2n@ucoz.ru', 'Female', 'True'),(97, 'Brendin', 'Boughtwood', 'bboughtwood2o@oaic.gov.au', 'Agender', 'False'),(98, 'Chloette', 'Stud', 'cstud2p@acquirethisname.com', 'Male', 'True'),(99, 'Noel', 'Jirusek', 'njirusek2q@sciencedaily.com', 'Male', 'True'),(100, 'Mady', 'Yurenev', 'myurenev2r@springer.com', 'Genderqueer', 'False'),(101, 'Porty', 'Ridler', 'pridler2s@pinterest.com', 'Female', 'False'),(102, 'Caressa', 'Druitt', 'cdruitt2t@ca.gov', 'Female', 'False'),(103, 'Willow', 'Aldham', 'waldham2u@mashable.com', 'Bigender', 'False'),(104, 'Anson', 'Rollo', 'arollo2v@aboutads.info', 'Male', 'False'),(105, 'Ileane', 'Strut', 'istrut2w@usa.gov', 'Male', 'False'),(106, 'Magdaia', 'De Fries', 'mdefries2x@yahoo.co.jp', 'Male', 'False'),(107, 'Stesha', 'Tinman', 'stinman2y@sakura.ne.jp', 'Female', 'False'),(108, 'Ruthanne', 'Mongain', 'rmongain2z@scribd.com', 'Male', 'False'),(109, 'Arte', 'Margrem', 'amargrem30@mapy.cz', 'Male', 'False'),(110, 'Bo', 'Woodcock', 'bwoodcock31@va.gov', 'Male', 'True')
SET IDENTITY_INSERT TutorialAppSchema.Users ON;INSERT INTO TutorialAppSchema.Users (UserId,FirstName ,LastName,Email,Gender,Active)VALUES(111, 'Stevena', 'Keddle', 'skeddle32@smugmug.com', 'Male', 'True'),(112, 'Slade', 'Fahey', 'sfahey33@guardian.co.uk', 'Male', 'True'),(113, 'Matthew', 'Yurin', 'myurin34@hibu.com', 'Female', 'False'),(114, 'Nanice', 'Leyband', 'nleyband35@so-net.ne.jp', 'Polygender', 'True'),(115, 'Danyelle', 'Seger', 'dseger36@cnet.com', 'Polygender', 'True'),(116, 'Yankee', 'Luna', 'yluna37@telegraph.co.uk', 'Female', 'False'),(117, 'Mandy', 'Astman', 'mastman38@bing.com', 'Female', 'True'),(118, 'Chicky', 'Arpe', 'carpe39@bbc.co.uk', 'Female', 'False'),(119, 'Erinna', 'Pither', 'epither3a@flavors.me', 'Male', 'False'),(120, 'Delmor', 'Colegrove', 'dcolegrove3b@google.cn', 'Male', 'True'),(121, 'Maegan', 'Leimster', 'mleimster3c@eepurl.com', 'Male', 'False'),(122, 'Gracie', 'Mortel', 'gmortel3d@privacy.gov.au', 'Male', 'False'),(123, 'Johnette', 'Switzer', 'jswitzer3e@angelfire.com', 'Female', 'False'),(124, 'Tam', 'Dudderidge', 'tdudderidge3f@dailymail.co.uk', 'Male', 'False'),(125, 'Juliet', 'Agneau', 'jagneau3g@dailymail.co.uk', 'Male', 'False'),(126, 'Yule', 'Pickerin', 'ypickerin3h@dagondesign.com', 'Male', 'False'),(127, 'Elijah', 'Caisley', 'ecaisley3i@parallels.com', 'Male', 'False'),(128, 'Harlin', 'Jennison', 'hjennison3j@oakley.com', 'Male', 'False'),(129, 'Costa', 'Brewett', 'cbrewett3k@studiopress.com', 'Female', 'True'),(130, 'Etti', 'Roelofsen', 'eroelofsen3l@studiopress.com', 'Male', 'True'),(131, 'Bartram', 'Kemmet', 'bkemmet3m@psu.edu', 'Female', 'False'),(132, 'Emily', 'Byas', 'ebyas3n@angelfire.com', 'Male', 'True'),(133, 'Arvie', 'Padwick', 'apadwick3o@slideshare.net', 'Female', 'True'),(134, 'Veronika', 'Poulden', 'vpoulden3p@vk.com', 'Female', 'True'),(135, 'Emmye', 'Kleinplac', 'ekleinplac3q@opera.com', 'Male', 'False'),(136, 'Yankee', 'Underhill', 'yunderhill3r@businessweek.com', 'Female', 'False'),(137, 'Maude', 'Manhood', 'mmanhood3s@cbsnews.com', 'Female', 'True'),(138, 'Emalee', 'Clemens', 'eclemens3t@hp.com', 'Male', 'True'),(139, 'Ibrahim', 'Laite', 'ilaite3u@usatoday.com', 'Male', 'True'),(140, 'Jenilee', 'Lempel', 'jlempel3v@mashable.com', 'Female', 'True'),(141, 'Mela', 'Jaszczak', 'mjaszczak3w@wikispaces.com', 'Female', 'False'),(142, 'Chic', 'O''Hederscoll', 'cohederscoll3x@goo.ne.jp', 'Female', 'False'),(143, 'Isidor', 'Buscher', 'ibuscher3y@360.cn', 'Polygender', 'False'),(144, 'Lin', 'Shwalbe', 'lshwalbe3z@delicious.com', 'Male', 'False'),(145, 'Margarete', 'Gillease', 'mgillease40@spotify.com', 'Female', 'False'),(146, 'Arni', 'Aujouanet', 'aaujouanet41@techcrunch.com', 'Female', 'False'),(147, 'Rozelle', 'Feare', 'rfeare42@digg.com', 'Male', 'False'),(148, 'Korrie', 'Buckthorp', 'kbuckthorp43@google.ca', 'Female', 'False'),(149, 'Vyky', 'Shillabeare', 'vshillabeare44@bing.com', 'Female', 'True'),(150, 'Adelina', 'MacColm', 'amaccolm45@google.de', 'Male', 'False'),(151, 'Shina', 'Shuttell', 'sshuttell46@vimeo.com', 'Male', 'True'),(152, 'Agna', 'Flippelli', 'aflippelli47@epa.gov', 'Male', 'False'),(153, 'Lauretta', 'Haizelden', 'lhaizelden48@sitemeter.com', 'Female', 'False'),(154, 'Sherman', 'Crake', 'scrake49@hatena.ne.jp', 'Agender', 'True'),(155, 'Prentice', 'Scobie', 'pscobie4a@eepurl.com', 'Male', 'True'),(156, 'Florrie', 'Croxford', 'fcroxford4b@scientificamerican.com', 'Female', 'True'),(157, 'Claudelle', 'Coale', 'ccoale4c@shareasale.com', 'Male', 'False'),(158, 'Sasha', 'Iliffe', 'siliffe4d@pagesperso-orange.fr', 'Male', 'False'),(159, 'Kariotta', 'Pesak', 'kpesak4e@time.com', 'Female', 'True'),(160, 'Jacquelynn', 'Morrill', 'jmorrill4f@howstuffworks.com', 'Female', 'True'),(161, 'Bonita', 'Phoenix', 'bphoenix4g@sina.com.cn', 'Male', 'True'),(162, 'Rene', 'Nell', 'rnell4h@free.fr', 'Male', 'False'),(163, 'Ron', 'Schubbert', 'rschubbert4i@amazonaws.com', 'Male', 'True'),(164, 'Wyn', 'Kaufman', 'wkaufman4j@acquirethisname.com', 'Female', 'True')
SET IDENTITY_INSERT TutorialAppSchema.Users ON;INSERT INTO TutorialAppSchema.Users (UserId,FirstName ,LastName,Email,Gender,Active)VALUES(165, 'Chrissie', 'Postians', 'cpostians4k@indiatimes.com', 'Female', 'False'),(166, 'Zane', 'Maffiotti', 'zmaffiotti4l@clickbank.net', 'Female', 'True'),(167, 'Lannie', 'Hounsham', 'lhounsham4m@aol.com', 'Female', 'False'),(168, 'Cornell', 'Cosely', 'ccosely4n@blogger.com', 'Female', 'False'),(169, 'Mariquilla', 'Lampet', 'mlampet4o@ezinearticles.com', 'Female', 'False'),(170, 'Emelda', 'Gronaller', 'egronaller4p@nationalgeographic.com', 'Male', 'True'),(171, 'Odella', 'Melmore', 'omelmore4q@blogtalkradio.com', 'Female', 'False'),(172, 'Allis', 'Rabb', 'arabb4r@pcworld.com', 'Female', 'False'),(173, 'Reggie', 'Kubiczek', 'rkubiczek4s@shop-pro.jp', 'Female', 'True'),(174, 'Lancelot', 'Boykett', 'lboykett4t@dion.ne.jp', 'Genderqueer', 'False'),(175, 'Alison', 'Hayball', 'ahayball4u@facebook.com', 'Female', 'False'),(176, 'Dino', 'Haysey', 'dhaysey4v@ucla.edu', 'Female', 'True'),(177, 'Nanon', 'Fullard', 'nfullard4w@baidu.com', 'Female', 'False'),(178, 'Caresse', 'Bedle', 'cbedle4x@jugem.jp', 'Female', 'True'),(179, 'Dorena', 'Atchly', 'datchly4y@blinklist.com', 'Female', 'False'),(180, 'Lonee', 'Dahl', 'ldahl4z@psu.edu', 'Female', 'True'),(181, 'Elka', 'Somerfield', 'esomerfield50@tinypic.com', 'Female', 'True'),(182, 'Boris', 'Witch', 'bwitch51@lulu.com', 'Male', 'False'),(183, 'Inessa', 'Kemme', 'ikemme52@cnbc.com', 'Female', 'False'),(184, 'Hunt', 'Monksfield', 'hmonksfield53@blogs.com', 'Female', 'False'),(185, 'Nanete', 'Woolis', 'nwoolis54@ihg.com', 'Male', 'True'),(186, 'Waylon', 'Bloxsum', 'wbloxsum55@github.com', 'Female', 'True'),(187, 'Lenka', 'Weymont', 'lweymont56@cdc.gov', 'Female', 'False'),(188, 'Bob', 'Puttan', 'bputtan57@umn.edu', 'Male', 'False'),(189, 'Uta', 'Cumbers', 'ucumbers58@phpbb.com', 'Female', 'True'),(190, 'Madelyn', 'Huckerbe', 'mhuckerbe59@trellian.com', 'Female', 'False'),(191, 'Gretna', 'Wilne', 'gwilne5a@sina.com.cn', 'Female', 'True'),(192, 'Shir', 'Kelson', 'skelson5b@fc2.com', 'Female', 'True'),(193, 'Nickie', 'Pryde', 'npryde5c@usgs.gov', 'Female', 'True'),(194, 'Wren', 'O''Donnell', 'wodonnell5d@cyberchimps.com', 'Male', 'True'),(195, 'Ludwig', 'Egginton', 'legginton5e@mapy.cz', 'Male', 'True'),(196, 'Trina', 'Sayle', 'tsayle5f@prnewswire.com', 'Male', 'False'),(197, 'Barby', 'Shoveller', 'bshoveller5g@flavors.me', 'Female', 'False'),(198, 'Maryjane', 'Rouf', 'mrouf5h@163.com', 'Non-binary', 'False'),(199, 'Hussein', 'Burgne', 'hburgne5i@weibo.com', 'Male', 'True'),(200, 'Myron', 'Mortell', 'mmortell5j@ted.com', 'Male', 'True'),(201, 'Tobiah', 'Grunder', 'tgrunder5k@sohu.com', 'Male', 'True'),(202, 'Sampson', 'Cattow', 'scattow5l@surveymonkey.com', 'Male', 'True'),(203, 'Burr', 'Latan', 'blatan5m@ask.com', 'Non-binary', 'False'),(204, 'Israel', 'Langeley', 'ilangeley5n@spiegel.de', 'Female', 'True'),(205, 'Sibilla', 'Kehoe', 'skehoe5o@merriam-webster.com', 'Male', 'False'),(206, 'Son', 'Dacke', 'sdacke5p@wiley.com', 'Male', 'True'),(207, 'Enrico', 'Yesichev', 'eyesichev5q@samsung.com', 'Female', 'False'),(208, 'Decca', 'Gallichan', 'dgallichan5r@gravatar.com', 'Male', 'True'),(209, 'Mordy', 'Bruce', 'mbruce5s@narod.ru', 'Agender', 'False'),(210, 'Mignonne', 'Truin', 'mtruin5t@economist.com', 'Male', 'True'),(211, 'Julia', 'Biers', 'jbiers5u@dedecms.com', 'Female', 'True'),(212, 'Cynthy', 'Penvarne', 'cpenvarne5v@ocn.ne.jp', 'Female', 'False'),(213, 'Weylin', 'Fannin', 'wfannin5w@dyndns.org', 'Male', 'True'),(214, 'Antone', 'Magnus', 'amagnus5x@icio.us', 'Male', 'True'),(215, 'Bettine', 'McCoy', 'bmccoy5y@loc.gov', 'Male', 'True'),(216, 'Tammie', 'Lambirth', 'tlambirth5z@senate.gov', 'Male', 'True'),(217, 'Beryl', 'McCloughlin', 'bmccloughlin60@hexun.com', 'Male', 'False'),(218, 'Dougy', 'Mapis', 'dmapis61@tripadvisor.com', 'Male', 'False'),(219, 'Florry', 'Zoellner', 'fzoellner62@yale.edu', 'Male', 'True')
SET IDENTITY_INSERT TutorialAppSchema.Users ON;INSERT INTO TutorialAppSchema.Users (UserId,FirstName ,LastName,Email,Gender,Active)VALUES(220, 'Biddie', 'Gratton', 'bgratton63@cloudflare.com', 'Male', 'False'),(221, 'Anneliese', 'Biffen', 'abiffen64@amazon.com', 'Agender', 'False'),(222, 'Wadsworth', 'Jahns', 'wjahns65@ning.com', 'Female', 'False'),(223, 'Rafaellle', 'Peterkin', 'rpeterkin66@digg.com', 'Female', 'False'),(224, 'Jeri', 'Held', 'jheld67@bloglovin.com', 'Non-binary', 'True'),(225, 'Geordie', 'Knowlman', 'gknowlman68@github.io', 'Female', 'False'),(226, 'Orion', 'Escoffrey', 'oescoffrey69@marriott.com', 'Female', 'False'),(227, 'Rayner', 'Leathard', 'rleathard6a@nasa.gov', 'Male', 'True'),(228, 'Emmy', 'Hockey', 'ehockey6b@slideshare.net', 'Male', 'True'),(229, 'Antonina', 'Matzke', 'amatzke6c@oakley.com', 'Male', 'False'),(230, 'Torey', 'Wilcher', 'twilcher6d@zdnet.com', 'Male', 'True'),(231, 'Kira', 'Gianuzzi', 'kgianuzzi6e@jiathis.com', 'Male', 'True'),(232, 'Elmer', 'Durrad', 'edurrad6f@cbc.ca', 'Male', 'True'),(233, 'Alain', 'Willars', 'awillars6g@wikia.com', 'Male', 'False'),(234, 'Ase', 'Benadette', 'abenadette6h@google.com.au', 'Female', 'False'),(235, 'Hetti', 'Qualtro', 'hqualtro6i@angelfire.com', 'Male', 'False'),(236, 'Meghan', 'Duffer', 'mduffer6j@flavors.me', 'Female', 'False'),(237, 'Leanna', 'Mish', 'lmish6k@skype.com', 'Male', 'False'),(238, 'Saleem', 'Shilito', 'sshilito6l@sourceforge.net', 'Female', 'True'),(239, 'Sibylla', 'Ert', 'sert6m@accuweather.com', 'Female', 'False'),(240, 'Georgeanna', 'Zmitrichenko', 'gzmitrichenko6n@jalbum.net', 'Bigender', 'False'),(241, 'Laraine', 'Boswood', 'lboswood6o@so-net.ne.jp', 'Male', 'True'),(242, 'Claudia', 'Landre', 'clandre6p@hubpages.com', 'Male', 'False'),(243, 'Sianna', 'Blucher', 'sblucher6q@digg.com', 'Male', 'False'),(244, 'Rubi', 'Summerskill', 'rsummerskill6r@telegraph.co.uk', 'Female', 'False'),(245, 'Margette', 'Randlesome', 'mrandlesome6s@sina.com.cn', 'Male', 'True'),(246, 'Christian', 'Dyhouse', 'cdyhouse6t@github.io', 'Male', 'True'),(247, 'Tyrus', 'Ruperti', 'truperti6u@omniture.com', 'Male', 'False'),(248, 'Robinia', 'Jerzak', 'rjerzak6v@time.com', 'Male', 'True'),(249, 'Slade', 'Ullyatt', 'sullyatt6w@ftc.gov', 'Male', 'False'),(250, 'Viviene', 'Mockett', 'vmockett6x@whitehouse.gov', 'Female', 'False'),(251, 'Michaeline', 'Cribbott', 'mcribbott6y@163.com', 'Female', 'False'),(252, 'Sibby', 'Letch', 'sletch6z@lulu.com', 'Male', 'False'),(253, 'Bekki', 'Pycock', 'bpycock70@cargocollective.com', 'Male', 'False'),(254, 'Cara', 'Gorling', 'cgorling71@nps.gov', 'Male', 'True'),(255, 'Fleur', 'Castagnasso', 'fcastagnasso72@discuz.net', 'Female', 'True'),(256, 'Sarita', 'Brookhouse', 'sbrookhouse73@apple.com', 'Bigender', 'False'),(257, 'Zackariah', 'Crocket', 'zcrocket74@multiply.com', 'Female', 'False'),(258, 'Dieter', 'Cockhill', 'dcockhill75@facebook.com', 'Male', 'False'),(259, 'Trixy', 'Shillaker', 'tshillaker76@meetup.com', 'Female', 'True'),(260, 'Kelby', 'Pyke', 'kpyke77@eventbrite.com', 'Female', 'True'),(261, 'Vaughan', 'Assel', 'vassel78@addthis.com', 'Female', 'True'),(262, 'Madelle', 'Beloe', 'mbeloe79@discovery.com', 'Male', 'True'),(263, 'Teena', 'Simounet', 'tsimounet7a@shutterfly.com', 'Female', 'True'),(264, 'Rik', 'Well', 'rwell7b@loc.gov', 'Male', 'True'),(265, 'Paulo', 'Everex', 'peverex7c@ask.com', 'Female', 'True'),(266, 'Mariele', 'Rash', 'mrash7d@vkontakte.ru', 'Male', 'False'),(267, 'Shelli', 'Kopec', 'skopec7e@unesco.org', 'Male', 'True'),(268, 'Corabelle', 'Alessandrelli', 'calessandrelli7f@redcross.org', 'Polygender', 'True'),(269, 'Jasper', 'Searjeant', 'jsearjeant7g@devhub.com', 'Female', 'True'),(270, 'Giselbert', 'Van Baaren', 'gvanbaaren7h@omniture.com', 'Male', 'True'),(271, 'Kip', 'Penton', 'kpenton7i@yellowbook.com', 'Female', 'True'),(272, 'Chiquita', 'Chat', 'cchat7j@com.com', 'Female', 'True'),(273, 'Whittaker', 'Daingerfield', 'wdaingerfield7k@bloomberg.com', 'Female', 'True')
SET IDENTITY_INSERT TutorialAppSchema.Users ON;INSERT INTO TutorialAppSchema.Users (UserId,FirstName ,LastName,Email,Gender,Active)VALUES(274, 'Marge', 'Hegel', 'mhegel7l@istockphoto.com', 'Male', 'False'),(275, 'Dana', 'Wanne', 'dwanne7m@mozilla.com', 'Male', 'False'),(276, 'Gradey', 'Bosche', 'gbosche7n@wisc.edu', 'Male', 'False'),(277, 'Rhonda', 'Greer', 'rgreer7o@whitehouse.gov', 'Male', 'True'),(278, 'Odell', 'Bossingham', 'obossingham7p@answers.com', 'Female', 'True'),(279, 'Rafaellle', 'Bianco', 'rbianco7q@nih.gov', 'Male', 'True'),(280, 'Meggi', 'Cubbon', 'mcubbon7r@diigo.com', 'Male', 'True'),(281, 'Malvin', 'Matei', 'mmatei7s@odnoklassniki.ru', 'Female', 'False'),(282, 'Clarie', 'Reding', 'creding7t@marketwatch.com', 'Female', 'True'),(283, 'Mufinella', 'Haquard', 'mhaquard7u@webs.com', 'Female', 'True'),(284, 'Washington', 'Snawdon', 'wsnawdon7v@dmoz.org', 'Female', 'True'),(285, 'Yalonda', 'McPeck', 'ymcpeck7w@woothemes.com', 'Female', 'True'),(286, 'Cordelia', 'Dowrey', 'cdowrey7x@dot.gov', 'Female', 'True'),(287, 'Danette', 'Pyrah', 'dpyrah7y@dailymail.co.uk', 'Male', 'True'),(288, 'Roley', 'Goodricke', 'rgoodricke7z@purevolume.com', 'Agender', 'True'),(289, 'Worden', 'Baldoni', 'wbaldoni80@omniture.com', 'Female', 'False'),(290, 'Quentin', 'Bartolic', 'qbartolic81@mayoclinic.com', 'Male', 'False'),(291, 'Haven', 'Vivians', 'hvivians82@sogou.com', 'Male', 'True'),(292, 'Sibley', 'Normansell', 'snormansell83@51.la', 'Male', 'False'),(293, 'Lindsey', 'Mannock', 'lmannock84@meetup.com', 'Male', 'False'),(294, 'Jules', 'Issacson', 'jissacson85@patch.com', 'Genderfluid', 'True'),(295, 'Wini', 'Wroe', 'wwroe86@woothemes.com', 'Male', 'False'),(296, 'Bard', 'Fratson', 'bfratson87@icq.com', 'Female', 'False'),(297, 'Ileana', 'Southern', 'isouthern88@dot.gov', 'Male', 'False'),(298, 'Tarrah', 'Guidetti', 'tguidetti89@indiegogo.com', 'Female', 'False'),(299, 'Davy', 'Blagden', 'dblagden8a@uiuc.edu', 'Male', 'True'),(300, 'Raquel', 'Thompsett', 'rthompsett8b@theatlantic.com', 'Male', 'True'),(301, 'Sherill', 'Yegorev', 'syegorev8c@microsoft.com', 'Male', 'True'),(302, 'Warden', 'Filon', 'wfilon8d@army.mil', 'Male', 'False'),(303, 'Ruperta', 'Thomason', 'rthomason8e@dmoz.org', 'Female', 'False'),(304, 'Derk', 'Lyttle', 'dlyttle8f@amazon.com', 'Male', 'True'),(305, 'Bourke', 'Hancox', 'bhancox8g@cam.ac.uk', 'Female', 'True'),(306, 'Augusto', 'Pember', 'apember8h@jimdo.com', 'Female', 'True'),(307, 'Windham', 'Collyer', 'wcollyer8i@reuters.com', 'Female', 'True'),(308, 'Cassaundra', 'Klainman', 'cklainman8j@i2i.jp', 'Female', 'False'),(309, 'Zolly', 'Duffitt', 'zduffitt8k@wordpress.com', 'Male', 'True'),(310, 'Porter', 'Kohnemann', 'pkohnemann8l@intel.com', 'Male', 'False'),(311, 'Carol', 'Hannigan', 'channigan8m@oakley.com', 'Male', 'False'),(312, 'Marlin', 'Goodge', 'mgoodge8n@bigcartel.com', 'Male', 'False'),(313, 'Paulie', 'Rapkins', 'prapkins8o@cmu.edu', 'Male', 'True'),(314, 'Nick', 'MacTimpany', 'nmactimpany8p@baidu.com', 'Female', 'True'),(315, 'Alberik', 'Maghull', 'amaghull8q@sciencedaily.com', 'Male', 'True'),(316, 'Malva', 'Whylie', 'mwhylie8r@buzzfeed.com', 'Female', 'True'),(317, 'Legra', 'Pegram', 'lpegram8s@themeforest.net', 'Female', 'True'),(318, 'Andie', 'Stonhouse', 'astonhouse8t@surveymonkey.com', 'Male', 'False'),(319, 'Terese', 'Demongeot', 'tdemongeot8u@opera.com', 'Male', 'False'),(320, 'Colly', 'Ovise', 'covise8v@angelfire.com', 'Male', 'True'),(321, 'Marla', 'Pashenkov', 'mpashenkov8w@yellowbook.com', 'Female', 'True'),(322, 'Michaela', 'Cicccitti', 'mcicccitti8x@globo.com', 'Male', 'True'),(323, 'Morlee', 'Frohock', 'mfrohock8y@va.gov', 'Male', 'True'),(324, 'Vail', 'Swalough', 'vswalough8z@dailymotion.com', 'Male', 'False'),(325, 'Elnore', 'Colloby', 'ecolloby90@businesswire.com', 'Male', 'True'),(326, 'Hermia', 'Cavolini', 'hcavolini91@storify.com', 'Male', 'False'),(327, 'Danette', 'Rains', 'drains92@statcounter.com', 'Female', 'True')
SET IDENTITY_INSERT TutorialAppSchema.Users ON;INSERT INTO TutorialAppSchema.Users (UserId,FirstName ,LastName,Email,Gender,Active)VALUES(328, 'Ofelia', 'Grimditch', 'ogrimditch93@themeforest.net', 'Male', 'True'),(329, 'Brandyn', 'Piccard', 'bpiccard94@economist.com', 'Female', 'True'),(330, 'Althea', 'Leheude', 'aleheude95@arizona.edu', 'Male', 'False'),(331, 'Mathe', 'Piesold', 'mpiesold96@zdnet.com', 'Female', 'True'),(332, 'Ruttger', 'Brougham', 'rbrougham97@dailymail.co.uk', 'Female', 'False'),(333, 'Brooks', 'Gwillim', 'bgwillim98@gnu.org', 'Male', 'True'),(334, 'Jae', 'Cowcha', 'jcowcha99@answers.com', 'Male', 'False'),(335, 'Giovanni', 'Quade', 'gquade9a@nifty.com', 'Male', 'False'),(336, 'Arni', 'Dalgarno', 'adalgarno9b@reverbnation.com', 'Female', 'False'),(337, 'Patrick', 'Matherson', 'pmatherson9c@themeforest.net', 'Female', 'False'),(338, 'Sibley', 'Storek', 'sstorek9d@plala.or.jp', 'Male', 'False'),(339, 'Roselin', 'Ubank', 'rubank9e@yolasite.com', 'Male', 'True'),(340, 'Yvon', 'Reede', 'yreede9f@indiatimes.com', 'Female', 'False'),(341, 'Edan', 'State', 'estate9g@ft.com', 'Male', 'True'),(342, 'Galen', 'FitzGilbert', 'gfitzgilbert9h@opensource.org', 'Male', 'True'),(343, 'Waly', 'Britt', 'wbritt9i@tiny.cc', 'Male', 'False'),(344, 'Charil', 'Stollmeyer', 'cstollmeyer9j@lulu.com', 'Male', 'False'),(345, 'Demetrius', 'Senyard', 'dsenyard9k@marketwatch.com', 'Male', 'False'),(346, 'Heindrick', 'Reis', 'hreis9l@wp.com', 'Male', 'False'),(347, 'Etienne', 'Mance', 'emance9m@cafepress.com', 'Male', 'True'),(348, 'Constance', 'Searby', 'csearby9n@sbwire.com', 'Male', 'False'),(349, 'Ralina', 'Nuss', 'rnuss9o@ebay.com', 'Male', 'True'),(350, 'Cornelle', 'Triplett', 'ctriplett9p@odnoklassniki.ru', 'Male', 'True'),(351, 'Tobit', 'Malthus', 'tmalthus9q@phpbb.com', 'Female', 'False'),(352, 'Adel', 'Lanfear', 'alanfear9r@wikia.com', 'Female', 'False'),(353, 'Adah', 'Mundle', 'amundle9s@accuweather.com', 'Male', 'True'),(354, 'Agatha', 'Baskwell', 'abaskwell9t@theguardian.com', 'Male', 'False'),(355, 'Carmita', 'Whittleton', 'cwhittleton9u@fema.gov', 'Male', 'True'),(356, 'Peta', 'Dongall', 'pdongall9v@xrea.com', 'Male', 'True'),(357, 'Ave', 'Potebury', 'apotebury9w@hp.com', 'Male', 'False'),(358, 'Cyb', 'Lyttle', 'clyttle9x@elpais.com', 'Male', 'True'),(359, 'Abie', 'Ackred', 'aackred9y@gizmodo.com', 'Male', 'True'),(360, 'Red', 'Floweth', 'rfloweth9z@phpbb.com', 'Male', 'True'),(361, 'Cecelia', 'Kidds', 'ckiddsa0@ning.com', 'Female', 'False'),(362, 'Verina', 'Baus', 'vbausa1@lycos.com', 'Female', 'False'),(363, 'Edie', 'Mowlam', 'emowlama2@cnbc.com', 'Female', 'False'),(364, 'Cullan', 'Spitaro', 'cspitaroa3@elegantthemes.com', 'Male', 'False'),(365, 'Reider', 'Benda', 'rbendaa4@cnn.com', 'Agender', 'True'),(366, 'Florentia', 'Cornewall', 'fcornewalla5@webnode.com', 'Female', 'False'),(367, 'Palm', 'Lishmund', 'plishmunda6@zimbio.com', 'Polygender', 'True'),(368, 'Kikelia', 'McCaughren', 'kmccaughrena7@mediafire.com', 'Male', 'True'),(369, 'Grover', 'Emmines', 'gemminesa8@ihg.com', 'Female', 'True'),(370, 'Shirlee', 'Brunicke', 'sbrunickea9@whitehouse.gov', 'Male', 'True'),(371, 'Fae', 'Dolby', 'fdolbyaa@ning.com', 'Male', 'True'),(372, 'Evonne', 'Bortoli', 'ebortoliab@merriam-webster.com', 'Male', 'True'),(373, 'Lyssa', 'Rushby', 'lrushbyac@lulu.com', 'Male', 'False'),(374, 'Cobb', 'Dirr', 'cdirrad@sciencedirect.com', 'Agender', 'True'),(375, 'Sibel', 'Shoute', 'sshouteae@illinois.edu', 'Female', 'False'),(376, 'Barnett', 'Hardinge', 'bhardingeaf@ox.ac.uk', 'Male', 'False'),(377, 'Lynna', 'Bampkin', 'lbampkinag@ow.ly', 'Male', 'False'),(378, 'Thaine', 'Raddon', 'traddonah@thetimes.co.uk', 'Female', 'True'),(379, 'Scott', 'Okker', 'sokkerai@state.tx.us', 'Male', 'False'),(380, 'Felic', 'Fulmen', 'ffulmenaj@slashdot.org', 'Male', 'False'),(381, 'Knox', 'Delgadillo', 'kdelgadilloak@state.tx.us', 'Male', 'True'),(382, 'Gael', 'Ganforthe', 'gganfortheal@alexa.com', 'Male', 'True')
SET IDENTITY_INSERT TutorialAppSchema.Users ON;INSERT INTO TutorialAppSchema.Users (UserId,FirstName ,LastName,Email,Gender,Active)VALUES(383, 'Erv', 'Wells', 'ewellsam@mtv.com', 'Female', 'False'),(384, 'Roxine', 'Annon', 'rannonan@pcworld.com', 'Female', 'False'),(385, 'Sandi', 'Pinxton', 'spinxtonao@usa.gov', 'Female', 'True'),(386, 'Codie', 'Huchot', 'chuchotap@imgur.com', 'Male', 'True'),(387, 'Hiram', 'Yosifov', 'hyosifovaq@phpbb.com', 'Female', 'True'),(388, 'Bil', 'McCurlye', 'bmccurlyear@vinaora.com', 'Female', 'True'),(389, 'Tedda', 'Amerighi', 'tamerighias@walmart.com', 'Female', 'True'),(390, 'Gorden', 'Housbey', 'ghousbeyat@redcross.org', 'Female', 'False'),(391, 'Elysha', 'Mea', 'emeaau@networkadvertising.org', 'Female', 'True'),(392, 'Derrik', 'Petrovykh', 'dpetrovykhav@hud.gov', 'Male', 'False'),(393, 'Antonella', 'Langrish', 'alangrishaw@yahoo.co.jp', 'Female', 'True'),(394, 'Kylen', 'Nevins', 'knevinsax@chronoengine.com', 'Female', 'False'),(395, 'Iago', 'Ledingham', 'iledinghamay@redcross.org', 'Male', 'True'),(396, 'Rosalinda', 'Ellershaw', 'rellershawaz@biblegateway.com', 'Genderfluid', 'True'),(397, 'Xymenes', 'Leroux', 'xlerouxb0@cloudflare.com', 'Male', 'True'),(398, 'Dalila', 'Yakushkin', 'dyakushkinb1@jigsy.com', 'Female', 'True'),(399, 'Kassia', 'Dulanty', 'kdulantyb2@fc2.com', 'Male', 'False'),(400, 'Walther', 'Pyke', 'wpykeb3@hugedomains.com', 'Female', 'False'),(401, 'Cinnamon', 'Deighan', 'cdeighanb4@apple.com', 'Female', 'False'),(402, 'Terese', 'Hebden', 'thebdenb5@about.com', 'Female', 'False'),(403, 'Sydelle', 'Bannell', 'sbannellb6@mayoclinic.com', 'Female', 'True'),(404, 'Vernice', 'Ridgewell', 'vridgewellb7@qq.com', 'Male', 'False'),(405, 'Spenser', 'Farfalameev', 'sfarfalameevb8@odnoklassniki.ru', 'Male', 'True'),(406, 'Letisha', 'Van Salzberger', 'lvansalzbergerb9@techcrunch.com', 'Male', 'True'),(407, 'Durand', 'De Domenico', 'ddedomenicoba@sciencedirect.com', 'Male', 'True'),(408, 'Kellia', 'Redemile', 'kredemilebb@army.mil', 'Male', 'True'),(409, 'Elias', 'Paydon', 'epaydonbc@about.me', 'Male', 'False'),(410, 'Shae', 'Allmark', 'sallmarkbd@a8.net', 'Female', 'False'),(411, 'Jan', 'Moline', 'jmolinebe@about.com', 'Male', 'False'),(412, 'Verile', 'De Lisle', 'vdelislebf@over-blog.com', 'Male', 'True'),(413, 'Helen', 'Labet', 'hlabetbg@sun.com', 'Male', 'True'),(414, 'Sigfried', 'Brims', 'sbrimsbh@amazon.co.uk', 'Female', 'True'),(415, 'Willie', 'Francie', 'wfranciebi@storify.com', 'Male', 'True'),(416, 'Minne', 'Coultish', 'mcoultishbj@360.cn', 'Female', 'True'),(417, 'Halette', 'Tarr', 'htarrbk@illinois.edu', 'Female', 'True'),(418, 'Dick', 'Birkhead', 'dbirkheadbl@imdb.com', 'Male', 'True'),(419, 'Caitlin', 'Garmanson', 'cgarmansonbm@usatoday.com', 'Female', 'False'),(420, 'Randa', 'Augustin', 'raugustinbn@goo.ne.jp', 'Female', 'True'),(421, 'Susanetta', 'Casley', 'scasleybo@prnewswire.com', 'Male', 'False'),(422, 'Carolee', 'Varfalameev', 'cvarfalameevbp@nydailynews.com', 'Female', 'True'),(423, 'Dorie', 'Heninghem', 'dheninghembq@jalbum.net', 'Female', 'False'),(424, 'Callie', 'Batts', 'cbattsbr@squidoo.com', 'Male', 'True'),(425, 'Bradney', 'Monnelly', 'bmonnellybs@xrea.com', 'Non-binary', 'True'),(426, 'Arlette', 'Nield', 'anieldbt@ameblo.jp', 'Female', 'True'),(427, 'Mozelle', 'Gilder', 'mgilderbu@oracle.com', 'Male', 'False'),(428, 'Frankie', 'Eldin', 'feldinbv@flickr.com', 'Female', 'False'),(429, 'Chick', 'Boch', 'cbochbw@linkedin.com', 'Female', 'False'),(430, 'Chanda', 'Mallett', 'cmallettbx@bloomberg.com', 'Female', 'True'),(431, 'Crawford', 'Queen', 'cqueenby@youku.com', 'Male', 'True'),(432, 'Sidney', 'O''Currine', 'socurrinebz@163.com', 'Male', 'False'),(433, 'Daniel', 'McDermott-Row', 'dmcdermottrowc0@freewebs.com', 'Female', 'True'),(434, 'Cathlene', 'Rubroe', 'crubroec1@hc360.com', 'Female', 'False'),(435, 'Jeremie', 'Deehan', 'jdeehanc2@unicef.org', 'Female', 'False'),(436, 'Jozef', 'Luparto', 'jlupartoc3@wired.com', 'Male', 'True')
SET IDENTITY_INSERT TutorialAppSchema.Users ON;INSERT INTO TutorialAppSchema.Users (UserId,FirstName ,LastName,Email,Gender,Active)VALUES(437, 'Elsworth', 'Reah', 'ereahc4@squarespace.com', 'Female', 'False'),(438, 'Rog', 'Poznanski', 'rpoznanskic5@bizjournals.com', 'Female', 'False'),(439, 'Mackenzie', 'MacKintosh', 'mmackintoshc6@psu.edu', 'Male', 'False'),(440, 'Shirleen', 'Turnpenny', 'sturnpennyc7@ucla.edu', 'Female', 'True'),(441, 'Eugene', 'Blunn', 'eblunnc8@ftc.gov', 'Female', 'False'),(442, 'Xylia', 'Arthy', 'xarthyc9@elpais.com', 'Female', 'True'),(443, 'Tobe', 'Darkins', 'tdarkinsca@wikispaces.com', 'Male', 'True'),(444, 'Emilia', 'Phoenix', 'ephoenixcb@rambler.ru', 'Male', 'True'),(445, 'Peirce', 'Kingsbury', 'pkingsburycc@patch.com', 'Female', 'True'),(446, 'Noell', 'Thorwarth', 'nthorwarthcd@mail.ru', 'Female', 'True'),(447, 'Baudoin', 'Gull', 'bgullce@rediff.com', 'Female', 'True'),(448, 'Joseito', 'Hender', 'jhendercf@vkontakte.ru', 'Female', 'True'),(449, 'Melanie', 'Clitheroe', 'mclitheroecg@comcast.net', 'Male', 'True'),(450, 'Terry', 'Tal', 'ttalch@symantec.com', 'Male', 'False'),(451, 'Duffy', 'Boards', 'dboardsci@mozilla.org', 'Male', 'True'),(452, 'Flynn', 'Brandino', 'fbrandinocj@google.ru', 'Female', 'False'),(453, 'Abra', 'Kornel', 'akornelck@creativecommons.org', 'Male', 'True'),(454, 'Dedra', 'Youens', 'dyouenscl@exblog.jp', 'Female', 'False'),(455, 'Caesar', 'O''Connel', 'coconnelcm@scribd.com', 'Male', 'True'),(456, 'Ashley', 'Perelli', 'aperellicn@army.mil', 'Male', 'True'),(457, 'Bernarr', 'Beldam', 'bbeldamco@msn.com', 'Polygender', 'False'),(458, 'Ceil', 'Trudgeon', 'ctrudgeoncp@army.mil', 'Male', 'False'),(459, 'Bonita', 'Andrieu', 'bandrieucq@amazon.com', 'Male', 'True'),(460, 'Charisse', 'Leach', 'cleachcr@typepad.com', 'Male', 'True'),(461, 'Doll', 'Oda', 'dodacs@google.com.br', 'Genderqueer', 'False'),(462, 'Tatiana', 'Lindenfeld', 'tlindenfeldct@miibeian.gov.cn', 'Female', 'True'),(463, 'Arluene', 'Ormes', 'aormescu@ifeng.com', 'Male', 'True'),(464, 'Weylin', 'Lenham', 'wlenhamcv@infoseek.co.jp', 'Female', 'False'),(465, 'Joletta', 'Puve', 'jpuvecw@discuz.net', 'Female', 'True'),(466, 'Waverley', 'Dudley', 'wdudleycx@xrea.com', 'Male', 'True'),(467, 'Peggie', 'Thorneywork', 'pthorneyworkcy@cdc.gov', 'Female', 'True'),(468, 'Trude', 'Crowley', 'tcrowleycz@earthlink.net', 'Male', 'False'),(469, 'Di', 'Poyle', 'dpoyled0@myspace.com', 'Female', 'True'),(470, 'Duff', 'Ginty', 'dgintyd1@wikispaces.com', 'Female', 'True'),(471, 'Bevan', 'Abby', 'babbyd2@gizmodo.com', 'Male', 'False'),(472, 'Val', 'Incogna', 'vincognad3@hatena.ne.jp', 'Female', 'False'),(473, 'Mathew', 'Fielding', 'mfieldingd4@nature.com', 'Male', 'False'),(474, 'Ware', 'McKevany', 'wmckevanyd5@marriott.com', 'Female', 'True'),(475, 'Reynold', 'Habin', 'rhabind6@patch.com', 'Genderqueer', 'False'),(476, 'Madlin', 'Jaksic', 'mjaksicd7@arizona.edu', 'Male', 'True'),(477, 'Randi', 'Isaacs', 'risaacsd8@nyu.edu', 'Female', 'True'),(478, 'Eveline', 'Gravener', 'egravenerd9@linkedin.com', 'Female', 'False'),(479, 'Budd', 'Ravenscraft', 'bravenscraftda@tiny.cc', 'Female', 'True'),(480, 'Hamid', 'Whoolehan', 'hwhoolehandb@about.com', 'Male', 'False'),(481, 'Currie', 'Grassett', 'cgrassettdc@instagram.com', 'Female', 'False'),(482, 'Ware', 'Antonacci', 'wantonaccidd@intel.com', 'Female', 'False'),(483, 'Deeyn', 'Minocchi', 'dminocchide@amazon.co.uk', 'Female', 'False'),(484, 'North', 'Sanday', 'nsandaydf@cyberchimps.com', 'Male', 'True'),(485, 'Dru', 'Gush', 'dgushdg@lulu.com', 'Female', 'False'),(486, 'Brinn', 'Havelin', 'bhavelindh@mail.ru', 'Female', 'True'),(487, 'Asa', 'Frankton', 'afranktondi@harvard.edu', 'Male', 'False'),(488, 'Boniface', 'Fateley', 'bfateleydj@tamu.edu', 'Female', 'True'),(489, 'Sophey', 'Eberts', 'sebertsdk@tiny.cc', 'Male', 'False'),(490, 'Giordano', 'Skuce', 'gskucedl@nasa.gov', 'Male', 'True'),(491, 'Rees', 'Fergusson', 'rfergussondm@psu.edu', 'Female', 'False')
SET IDENTITY_INSERT TutorialAppSchema.Users ON;INSERT INTO TutorialAppSchema.Users (UserId,FirstName ,LastName,Email,Gender,Active)VALUES(492, 'Henri', 'Gabitis', 'hgabitisdn@arstechnica.com', 'Male', 'False'),(493, 'Wyndham', 'Ankrett', 'wankrettdo@nhs.uk', 'Bigender', 'False'),(494, 'Honor', 'Shadwick', 'hshadwickdp@yolasite.com', 'Male', 'False'),(495, 'Garreth', 'Bichard', 'gbicharddq@samsung.com', 'Female', 'False'),(496, 'Bradley', 'Kitchiner', 'bkitchinerdr@wikipedia.org', 'Male', 'False'),(497, 'Loutitia', 'Rapp', 'lrappds@geocities.com', 'Male', 'True'),(498, 'Beatrisa', 'Jansens', 'bjansensdt@cdc.gov', 'Male', 'False'),(499, 'Suki', 'McKinnon', 'smckinnondu@dmoz.org', 'Female', 'False'),(500, 'Duff', 'Wyldbore', 'dwyldboredv@sitemeter.com', 'Female', 'True'),(501, 'Duncan', 'Quantick', 'dquantickdw@nydailynews.com', 'Female', 'True'),(502, 'Grange', 'Ventham', 'gventhamdx@imgur.com', 'Female', 'True'),(503, 'Friedrick', 'Oldroyd', 'foldroyddy@sbwire.com', 'Female', 'True'),(504, 'Ree', 'Witheford', 'rwitheforddz@flickr.com', 'Male', 'False'),(505, 'Maure', 'Ickeringill', 'mickeringille0@jugem.jp', 'Male', 'False'),(506, 'Richy', 'Bendley', 'rbendleye1@dmoz.org', 'Female', 'True'),(507, 'Towny', 'Upsale', 'tupsalee2@devhub.com', 'Female', 'False'),(508, 'Laurie', 'Gogin', 'lgogine3@senate.gov', 'Female', 'False'),(509, 'Gay', 'Joplin', 'gjopline4@imageshack.us', 'Female', 'True'),(510, 'Nicholas', 'Petrol', 'npetrole5@canalblog.com', 'Female', 'False'),(511, 'Hans', 'Santry', 'hsantrye6@github.io', 'Male', 'True'),(512, 'Brana', 'Dunckley', 'bdunckleye7@devhub.com', 'Male', 'True'),(513, 'Edgardo', 'Franzman', 'efranzmane8@slashdot.org', 'Female', 'False'),(514, 'Orsa', 'Stockdale', 'ostockdalee9@wordpress.com', 'Female', 'True'),(515, 'Rutter', 'Brunsen', 'rbrunsenea@yale.edu', 'Male', 'True'),(516, 'Jean', 'Kayne', 'jkayneeb@ed.gov', 'Male', 'True'),(517, 'Bonnibelle', 'Gisburn', 'bgisburnec@alibaba.com', 'Female', 'True'),(518, 'Celisse', 'Cutill', 'ccutilled@auda.org.au', 'Female', 'False'),(519, 'Zachery', 'Lauritzen', 'zlauritzenee@wikispaces.com', 'Female', 'False'),(520, 'Auroora', 'Bahike', 'abahikeef@scientificamerican.com', 'Male', 'True'),(521, 'Doll', 'Kenton', 'dkentoneg@behance.net', 'Male', 'False'),(522, 'Rutledge', 'Riccard', 'rriccardeh@phpbb.com', 'Female', 'False'),(523, 'Lexy', 'Freed', 'lfreedei@gmpg.org', 'Female', 'True'),(524, 'Jeramie', 'Dorricott', 'jdorricottej@nsw.gov.au', 'Female', 'False'),(525, 'Clair', 'Bettleson', 'cbettlesonek@behance.net', 'Female', 'True'),(526, 'Sheila', 'Pollastrino', 'spollastrinoel@desdev.cn', 'Male', 'True'),(527, 'Jose', 'Gallardo', 'jgallardoem@un.org', 'Male', 'False'),(528, 'Wainwright', 'Barnish', 'wbarnishen@elpais.com', 'Female', 'True'),(529, 'Felicle', 'Kopfer', 'fkopfereo@utexas.edu', 'Female', 'False'),(530, 'Loraine', 'Tolputt', 'ltolputtep@toplist.cz', 'Male', 'True'),(531, 'Kearney', 'Cruess', 'kcruesseq@altervista.org', 'Non-binary', 'True'),(532, 'Jennine', 'Hully', 'jhullyer@dell.com', 'Male', 'True'),(533, 'Fleur', 'Phillipps', 'fphillippses@devhub.com', 'Male', 'True'),(534, 'Ricki', 'Crowdy', 'rcrowdyet@narod.ru', 'Male', 'True'),(535, 'Reggie', 'Smeeton', 'rsmeetoneu@sogou.com', 'Female', 'False'),(536, 'Hesther', 'Ginnelly', 'hginnellyev@tiny.cc', 'Female', 'False'),(537, 'Kai', 'Cockin', 'kcockinew@nationalgeographic.com', 'Female', 'True'),(538, 'Kitti', 'Peachman', 'kpeachmanex@comsenz.com', 'Male', 'True'),(539, 'Van', 'Drewitt', 'vdrewittey@hatena.ne.jp', 'Male', 'True'),(540, 'Xymenes', 'Shalloe', 'xshalloeez@cmu.edu', 'Male', 'True'),(541, 'Rochell', 'Colt', 'rcoltf0@flavors.me', 'Female', 'False'),(542, 'Arlana', 'Dillinger', 'adillingerf1@jalbum.net', 'Genderqueer', 'False'),(543, 'Gannon', 'Neat', 'gneatf2@cocolog-nifty.com', 'Female', 'True'),(544, 'Linnea', 'Boodell', 'lboodellf3@earthlink.net', 'Male', 'True'),(545, 'Pippy', 'Coot', 'pcootf4@sourceforge.net', 'Female', 'False')
SET IDENTITY_INSERT TutorialAppSchema.Users ON;INSERT INTO TutorialAppSchema.Users (UserId,FirstName ,LastName,Email,Gender,Active)VALUES(546, 'Jason', 'Waldron', 'jwaldronf5@issuu.com', 'Male', 'True'),(547, 'Butch', 'Teodorski', 'bteodorskif6@scientificamerican.com', 'Agender', 'True'),(548, 'Casey', 'Meneo', 'cmeneof7@answers.com', 'Male', 'False'),(549, 'Helsa', 'Rosenstengel', 'hrosenstengelf8@cam.ac.uk', 'Genderfluid', 'True'),(550, 'Lenka', 'Booth-Jarvis', 'lboothjarvisf9@cdbaby.com', 'Male', 'False'),(551, 'Eran', 'Eamer', 'eeamerfa@google.ru', 'Male', 'False'),(552, 'Way', 'Shelliday', 'wshellidayfb@bigcartel.com', 'Male', 'False'),(553, 'Chrissy', 'Serot', 'cserotfc@skyrock.com', 'Female', 'True'),(554, 'Cacilia', 'Burwood', 'cburwoodfd@comsenz.com', 'Male', 'False'),(555, 'Jojo', 'Keggins', 'jkegginsfe@google.com', 'Male', 'False'),(556, 'Monica', 'Korn', 'mkornff@patch.com', 'Female', 'False'),(557, 'Cart', 'Vedyashkin', 'cvedyashkinfg@cnn.com', 'Female', 'False'),(558, 'Mersey', 'Durban', 'mdurbanfh@123-reg.co.uk', 'Male', 'True'),(559, 'Lillis', 'Stickford', 'lstickfordfi@photobucket.com', 'Female', 'False'),(560, 'Caron', 'Millthorpe', 'cmillthorpefj@ehow.com', 'Male', 'False'),(561, 'Kenton', 'Becraft', 'kbecraftfk@ycombinator.com', 'Male', 'False'),(562, 'Chris', 'Mahody', 'cmahodyfl@angelfire.com', 'Female', 'False'),(563, 'Cosetta', 'Doick', 'cdoickfm@360.cn', 'Female', 'False'),(564, 'Goldie', 'Dowderswell', 'gdowderswellfn@weebly.com', 'Male', 'True'),(565, 'Germaine', 'Carlens', 'gcarlensfo@symantec.com', 'Female', 'False'),(566, 'Cassie', 'Laurenson', 'claurensonfp@elpais.com', 'Female', 'True'),(567, 'Clarinda', 'Cordero', 'ccorderofq@hud.gov', 'Female', 'False'),(568, 'Saxe', 'Denney', 'sdenneyfr@cyberchimps.com', 'Male', 'False'),(569, 'Desmond', 'Perkinson', 'dperkinsonfs@naver.com', 'Non-binary', 'True'),(570, 'Lila', 'McGiveen', 'lmcgiveenft@cbc.ca', 'Male', 'False'),(571, 'Berna', 'Pardi', 'bpardifu@livejournal.com', 'Male', 'True'),(572, 'Brnaba', 'Rayment', 'braymentfv@imageshack.us', 'Genderfluid', 'False'),(573, 'Gannon', 'Roadknight', 'groadknightfw@is.gd', 'Polygender', 'False'),(574, 'Caro', 'Schusterl', 'cschusterlfx@cbslocal.com', 'Male', 'False'),(575, 'Rodge', 'Hellwich', 'rhellwichfy@last.fm', 'Male', 'True'),(576, 'Olympie', 'Guyet', 'oguyetfz@youku.com', 'Male', 'True'),(577, 'Corbet', 'Moreinu', 'cmoreinug0@clickbank.net', 'Male', 'True'),(578, 'Wallie', 'Pavlov', 'wpavlovg1@pen.io', 'Female', 'True'),(579, 'Wilbur', 'Vannacci', 'wvannaccig2@google.it', 'Male', 'True'),(580, 'Zulema', 'Godehard.sf', 'zgodehardsfg3@epa.gov', 'Female', 'True'),(581, 'Millard', 'Elvin', 'melving4@xing.com', 'Male', 'True'),(582, 'Ricca', 'Normabell', 'rnormabellg5@arstechnica.com', 'Male', 'True'),(583, 'Rodney', 'Wallbank', 'rwallbankg6@cbslocal.com', 'Male', 'True'),(584, 'Luz', 'Rixon', 'lrixong7@oakley.com', 'Male', 'True'),(585, 'Mateo', 'Bus', 'mbusg8@cnn.com', 'Female', 'True'),(586, 'Shanan', 'Winfindine', 'swinfindineg9@biblegateway.com', 'Bigender', 'False'),(587, 'Georgy', 'Spilstead', 'gspilsteadga@discuz.net', 'Female', 'True'),(588, 'Ryley', 'Beckhurst', 'rbeckhurstgb@sina.com.cn', 'Female', 'True'),(589, 'Ephrayim', 'Lyffe', 'elyffegc@slideshare.net', 'Female', 'False'),(590, 'Lorianne', 'Sture', 'lsturegd@telegraph.co.uk', 'Female', 'True'),(591, 'Lonna', 'Marieton', 'lmarietonge@nps.gov', 'Female', 'True'),(592, 'Josephina', 'Leith', 'jleithgf@purevolume.com', 'Female', 'True'),(593, 'Dore', 'Currey', 'dcurreygg@washington.edu', 'Male', 'True'),(594, 'Sayers', 'Owthwaite', 'sowthwaitegh@guardian.co.uk', 'Male', 'True'),(595, 'Nahum', 'Measen', 'nmeasengi@webnode.com', 'Male', 'False'),(596, 'Kalvin', 'Sayer', 'ksayergj@weather.com', 'Female', 'False'),(597, 'Luisa', 'Isley', 'lisleygk@i2i.jp', 'Female', 'False'),(598, 'Tabatha', 'Hiskey', 'thiskeygl@oakley.com', 'Bigender', 'True'),(599, 'Nancey', 'Brodeau', 'nbrodeaugm@joomla.org', 'Male', 'True')
SET IDENTITY_INSERT TutorialAppSchema.Users ON;INSERT INTO TutorialAppSchema.Users (UserId,FirstName ,LastName,Email,Gender,Active)VALUES(600, 'Otto', 'Giacubo', 'ogiacubogn@washingtonpost.com', 'Male', 'True'),(601, 'Ivory', 'Newall', 'inewallgo@icq.com', 'Male', 'True'),(602, 'Whitby', 'Pattini', 'wpattinigp@cyberchimps.com', 'Female', 'True'),(603, 'Rowen', 'Rainy', 'rrainygq@mozilla.org', 'Male', 'False'),(604, 'Burt', 'Treker', 'btrekergr@oracle.com', 'Agender', 'False'),(605, 'Tymothy', 'Bassingham', 'tbassinghamgs@npr.org', 'Female', 'True'),(606, 'Odie', 'Romney', 'oromneygt@intel.com', 'Male', 'True'),(607, 'Doug', 'Piddick', 'dpiddickgu@tmall.com', 'Female', 'True'),(608, 'Abigale', 'Knightsbridge', 'aknightsbridgegv@globo.com', 'Male', 'False'),(609, 'Othelia', 'Scaife', 'oscaifegw@cornell.edu', 'Female', 'False'),(610, 'Thurstan', 'Itzchaki', 'titzchakigx@mlb.com', 'Female', 'True'),(611, 'Nanice', 'Mockes', 'nmockesgy@msu.edu', 'Female', 'True'),(612, 'Bette', 'Barajaz', 'bbarajazgz@who.int', 'Female', 'False'),(613, 'Duff', 'Attenbrow', 'dattenbrowh0@fda.gov', 'Male', 'False'),(614, 'Tasha', 'Pau', 'tpauh1@dailymotion.com', 'Female', 'True'),(615, 'Trevor', 'Nathon', 'tnathonh2@apple.com', 'Genderqueer', 'True'),(616, 'Marv', 'Legrave', 'mlegraveh3@noaa.gov', 'Female', 'True'),(617, 'Carr', 'Smidmore', 'csmidmoreh4@youtu.be', 'Male', 'False'),(618, 'Herby', 'Sailes', 'hsailesh5@howstuffworks.com', 'Female', 'False'),(619, 'Ferdy', 'Arnault', 'farnaulth6@yandex.ru', 'Female', 'False'),(620, 'Vernor', 'Chretien', 'vchretienh7@mit.edu', 'Female', 'False'),(621, 'Patrica', 'Akrigg', 'pakriggh8@blogtalkradio.com', 'Female', 'False'),(622, 'Dore', 'Andreas', 'dandreash9@about.com', 'Non-binary', 'True'),(623, 'Wendell', 'Lipman', 'wlipmanha@fotki.com', 'Male', 'False'),(624, 'Vania', 'Luchetti', 'vluchettihb@senate.gov', 'Genderfluid', 'True'),(625, 'Tom', 'Cawdron', 'tcawdronhc@oaic.gov.au', 'Female', 'False'),(626, 'Ragnar', 'Lindborg', 'rlindborghd@mozilla.org', 'Female', 'True'),(627, 'Joya', 'Dick', 'jdickhe@clickbank.net', 'Female', 'False'),(628, 'Ezekiel', 'Birts', 'ebirtshf@earthlink.net', 'Female', 'True'),(629, 'Danita', 'Kittle', 'dkittlehg@virginia.edu', 'Male', 'False'),(630, 'Dorolice', 'Boak', 'dboakhh@hibu.com', 'Female', 'True'),(631, 'Lea', 'McGurk', 'lmcgurkhi@creativecommons.org', 'Genderfluid', 'True'),(632, 'Vilhelmina', 'Wooler', 'vwoolerhj@telegraph.co.uk', 'Female', 'True'),(633, 'Desirae', 'Huntingdon', 'dhuntingdonhk@bloglovin.com', 'Male', 'False'),(634, 'Lorne', 'Trosdall', 'ltrosdallhl@google.de', 'Female', 'False'),(635, 'Kleon', 'Pettie', 'kpettiehm@yale.edu', 'Female', 'False'),(636, 'Jourdan', 'Heikkinen', 'jheikkinenhn@aol.com', 'Male', 'True'),(637, 'Rex', 'Stirley', 'rstirleyho@aol.com', 'Male', 'False'),(638, 'Colas', 'Wingate', 'cwingatehp@csmonitor.com', 'Male', 'False'),(639, 'Winny', 'Herley', 'wherleyhq@list-manage.com', 'Female', 'True'),(640, 'Elisabet', 'Delea', 'edeleahr@nhs.uk', 'Male', 'False'),(641, 'Gertrudis', 'Bendel', 'gbendelhs@devhub.com', 'Male', 'False'),(642, 'Herby', 'Slixby', 'hslixbyht@google.fr', 'Male', 'True'),(643, 'Eula', 'Gillatt', 'egillatthu@pinterest.com', 'Male', 'True'),(644, 'Piper', 'Cranshaw', 'pcranshawhv@google.com', 'Female', 'True'),(645, 'Craggie', 'Goodley', 'cgoodleyhw@vinaora.com', 'Non-binary', 'False'),(646, 'Esra', 'Eastcourt', 'eeastcourthx@ow.ly', 'Female', 'True'),(647, 'Jacklyn', 'Ruddell', 'jruddellhy@adobe.com', 'Male', 'False'),(648, 'Ermentrude', 'Keyme', 'ekeymehz@baidu.com', 'Female', 'False'),(649, 'Edy', 'Maker', 'emakeri0@opensource.org', 'Female', 'False'),(650, 'Darcey', 'Birchall', 'dbirchalli1@opera.com', 'Bigender', 'True'),(651, 'Delano', 'Pabelik', 'dpabeliki2@ucoz.com', 'Male', 'False'),(652, 'Sari', 'Puddephatt', 'spuddephatti3@blogspot.com', 'Female', 'True'),(653, 'Bartholomeus', 'MacGilmartin', 'bmacgilmartini4@comcast.net', 'Female', 'True')
SET IDENTITY_INSERT TutorialAppSchema.Users ON;INSERT INTO TutorialAppSchema.Users (UserId,FirstName ,LastName,Email,Gender,Active)VALUES(654, 'Bartram', 'Auchterlony', 'bauchterlonyi5@skype.com', 'Female', 'False'),(655, 'Marybeth', 'Mott', 'mmotti6@stanford.edu', 'Genderfluid', 'False'),(656, 'Rodolph', 'Peplaw', 'rpeplawi7@ftc.gov', 'Female', 'True'),(657, 'Meryl', 'Robeiro', 'mrobeiroi8@scribd.com', 'Male', 'False'),(658, 'Reinold', 'Renfrew', 'rrenfrewi9@ow.ly', 'Male', 'False'),(659, 'Gloriana', 'Burdge', 'gburdgeia@imdb.com', 'Male', 'False'),(660, 'Minna', 'Cromleholme', 'mcromleholmeib@stanford.edu', 'Male', 'True'),(661, 'Rosalie', 'Mitroshinov', 'rmitroshinovic@china.com.cn', 'Male', 'True'),(662, 'Roselia', 'Welman', 'rwelmanid@yellowpages.com', 'Polygender', 'True'),(663, 'Rene', 'Baughen', 'rbaughenie@example.com', 'Male', 'True'),(664, 'Enrika', 'ffrench Beytagh', 'effrenchbeytaghif@yellowpages.com', 'Female', 'True'),(665, 'Francklyn', 'Harlick', 'fharlickig@arizona.edu', 'Male', 'True'),(666, 'Shayne', 'Key', 'skeyih@jigsy.com', 'Male', 'False'),(667, 'Ursa', 'Catling', 'ucatlingii@phpbb.com', 'Male', 'True'),(668, 'Laurianne', 'Lockett', 'llockettij@wordpress.org', 'Female', 'True'),(669, 'Ardeen', 'Ibbitson', 'aibbitsonik@facebook.com', 'Male', 'True'),(670, 'Wakefield', 'Targe', 'wtargeil@army.mil', 'Female', 'False'),(671, 'Any', 'Tipton', 'atiptonim@adobe.com', 'Genderqueer', 'False'),(672, 'Emlyn', 'Alastair', 'ealastairin@amazonaws.com', 'Male', 'True'),(673, 'Thibaut', 'Albutt', 'talbuttio@globo.com', 'Female', 'True'),(674, 'Modestine', 'Hanway', 'mhanwayip@telegraph.co.uk', 'Male', 'False'),(675, 'Merola', 'Dalyell', 'mdalyelliq@tmall.com', 'Male', 'True'),(676, 'Alvan', 'Scrimshaw', 'ascrimshawir@google.es', 'Female', 'False'),(677, 'Danny', 'Aylen', 'daylenis@scribd.com', 'Male', 'False'),(678, 'Ogdan', 'Lawden', 'olawdenit@goo.ne.jp', 'Male', 'True'),(679, 'Pat', 'Breslau', 'pbreslauiu@dyndns.org', 'Male', 'False'),(680, 'Vinni', 'Goodridge', 'vgoodridgeiv@geocities.jp', 'Female', 'True'),(681, 'Aryn', 'Torvey', 'atorveyiw@cdbaby.com', 'Male', 'False'),(682, 'Bee', 'Colloby', 'bcollobyix@tiny.cc', 'Female', 'False'),(683, 'Melodee', 'MacGeffen', 'mmacgeffeniy@aol.com', 'Male', 'True'),(684, 'Georgeanne', 'Jevons', 'gjevonsiz@mtv.com', 'Male', 'True'),(685, 'Porter', 'Scholard', 'pscholardj0@umich.edu', 'Male', 'False'),(686, 'Doralia', 'Klimaszewski', 'dklimaszewskij1@spotify.com', 'Female', 'False'),(687, 'Benn', 'Crippill', 'bcrippillj2@xinhuanet.com', 'Female', 'True'),(688, 'Mommy', 'Brimicombe', 'mbrimicombej3@ebay.com', 'Male', 'True'),(689, 'Davy', 'Vasquez', 'dvasquezj4@unblog.fr', 'Male', 'False'),(690, 'Burk', 'Klimaszewski', 'bklimaszewskij5@youku.com', 'Male', 'False'),(691, 'Edi', 'Demchen', 'edemchenj6@etsy.com', 'Male', 'True'),(692, 'Brana', 'Buddock', 'bbuddockj7@webmd.com', 'Male', 'True'),(693, 'Isidora', 'Heild', 'iheildj8@wp.com', 'Female', 'True'),(694, 'Anjela', 'Capes', 'acapesj9@gov.uk', 'Female', 'True'),(695, 'Bernardo', 'Ginman', 'bginmanja@slideshare.net', 'Male', 'True'),(696, 'Bette-ann', 'Quinevan', 'bquinevanjb@hibu.com', 'Male', 'True'),(697, 'Erin', 'Kid', 'ekidjc@blogs.com', 'Male', 'True'),(698, 'Alfy', 'Crossgrove', 'acrossgrovejd@com.com', 'Male', 'False'),(699, 'Ash', 'Ruter', 'aruterje@eventbrite.com', 'Female', 'True'),(700, 'Putnem', 'Petow', 'ppetowjf@google.co.uk', 'Female', 'True'),(701, 'Fifine', 'Hakonsson', 'fhakonssonjg@ezinearticles.com', 'Male', 'False'),(702, 'Tait', 'Fluger', 'tflugerjh@vk.com', 'Female', 'True'),(703, 'Dillie', 'Drayton', 'ddraytonji@ycombinator.com', 'Male', 'True'),(704, 'Angie', 'Metcalf', 'ametcalfjj@goodreads.com', 'Male', 'False'),(705, 'Aldric', 'Shewery', 'asheweryjk@nyu.edu', 'Male', 'False'),(706, 'Hort', 'Shreeve', 'hshreevejl@businessweek.com', 'Male', 'False'),(707, 'Carolina', 'Oguz', 'coguzjm@dagondesign.com', 'Female', 'False'),(708, 'Stillman', 'Baitman', 'sbaitmanjn@sohu.com', 'Female', 'True')
SET IDENTITY_INSERT TutorialAppSchema.Users ON;INSERT INTO TutorialAppSchema.Users (UserId,FirstName ,LastName,Email,Gender,Active)VALUES(709, 'Eirena', 'Dewdeny', 'edewdenyjo@biblegateway.com', 'Female', 'False'),(710, 'Patrica', 'Portal', 'pportaljp@economist.com', 'Female', 'False'),(711, 'Aleta', 'Conachie', 'aconachiejq@acquirethisname.com', 'Male', 'True'),(712, 'Clare', 'Marley', 'cmarleyjr@fc2.com', 'Female', 'True'),(713, 'Ruggiero', 'Kuhnke', 'rkuhnkejs@scribd.com', 'Male', 'False'),(714, 'Reynolds', 'Kobpac', 'rkobpacjt@fastcompany.com', 'Female', 'False'),(715, 'Sibel', 'Ceresa', 'sceresaju@examiner.com', 'Polygender', 'True'),(716, 'Grier', 'Cuthbert', 'gcuthbertjv@diigo.com', 'Female', 'False'),(717, 'Ricky', 'Glowacki', 'rglowackijw@deviantart.com', 'Male', 'True'),(718, 'Cindra', 'Drohun', 'cdrohunjx@goo.ne.jp', 'Female', 'True'),(719, 'Aindrea', 'Skaife d''Ingerthorpe', 'askaifedingerthorpejy@etsy.com', 'Female', 'True'),(720, 'Dion', 'Roles', 'drolesjz@4shared.com', 'Female', 'True'),(721, 'Omero', 'Dennes', 'odennesk0@eventbrite.com', 'Male', 'True'),(722, 'Moss', 'Standbrooke', 'mstandbrookek1@ftc.gov', 'Male', 'False'),(723, 'Anne-marie', 'Mobius', 'amobiusk2@webmd.com', 'Female', 'True'),(724, 'Jeannine', 'Wehden', 'jwehdenk3@wp.com', 'Female', 'True'),(725, 'Lillian', 'Roe', 'lroek4@nsw.gov.au', 'Male', 'False'),(726, 'Miranda', 'Tonner', 'mtonnerk5@livejournal.com', 'Female', 'False'),(727, 'Eugenio', 'Wadwell', 'ewadwellk6@patch.com', 'Female', 'False'),(728, 'Grove', 'Blackway', 'gblackwayk7@yahoo.co.jp', 'Female', 'False'),(729, 'Sherwood', 'Marieton', 'smarietonk8@mapquest.com', 'Male', 'False'),(730, 'Zena', 'Derill', 'zderillk9@answers.com', 'Female', 'True'),(731, 'Analiese', 'Hubner', 'ahubnerka@google.ru', 'Male', 'True'),(732, 'Alasdair', 'Bigrigg', 'abigriggkb@privacy.gov.au', 'Female', 'False'),(733, 'Aileen', 'Gibbins', 'agibbinskc@sun.com', 'Female', 'True'),(734, 'Bobby', 'Norkett', 'bnorkettkd@cbc.ca', 'Agender', 'False'),(735, 'Magdalena', 'Jerratsch', 'mjerratschke@mapquest.com', 'Male', 'False'),(736, 'Aguste', 'Orable', 'aorablekf@is.gd', 'Female', 'True'),(737, 'Quinn', 'De Cleyne', 'qdecleynekg@hubpages.com', 'Male', 'False'),(738, 'Hugh', 'Malloch', 'hmallochkh@cnet.com', 'Bigender', 'True'),(739, 'Marysa', 'Hamilton', 'mhamiltonki@va.gov', 'Male', 'True'),(740, 'Zed', 'Mc Carrick', 'zmccarrickkj@ibm.com', 'Genderqueer', 'False'),(741, 'Trip', 'Chasteau', 'tchasteaukk@oracle.com', 'Genderqueer', 'True'),(742, 'Helyn', 'Critchell', 'hcritchellkl@dell.com', 'Male', 'True'),(743, 'Monte', 'Scampion', 'mscampionkm@vistaprint.com', 'Agender', 'True'),(744, 'Evania', 'Elwyn', 'eelwynkn@accuweather.com', 'Female', 'True'),(745, 'Joellyn', 'Rannells', 'jrannellsko@ebay.co.uk', 'Agender', 'False'),(746, 'Freeman', 'Cordrey', 'fcordreykp@vkontakte.ru', 'Female', 'False'),(747, 'Britta', 'Snaden', 'bsnadenkq@thetimes.co.uk', 'Female', 'True'),(748, 'Cecelia', 'Milbank', 'cmilbankkr@unblog.fr', 'Male', 'False'),(749, 'Joni', 'Pincked', 'jpinckedks@patch.com', 'Female', 'True'),(750, 'Binni', 'Le Sieur', 'blesieurkt@livejournal.com', 'Female', 'True'),(751, 'Kimmy', 'Flattman', 'kflattmanku@spotify.com', 'Male', 'False'),(752, 'Benoit', 'Aron', 'baronkv@senate.gov', 'Male', 'True'),(753, 'Aldwin', 'Frizell', 'afrizellkw@istockphoto.com', 'Female', 'False'),(754, 'Bride', 'Cuzen', 'bcuzenkx@globo.com', 'Male', 'True'),(755, 'Yehudi', 'Venners', 'yvennersky@yale.edu', 'Male', 'False'),(756, 'Tomaso', 'Sharkey', 'tsharkeykz@buzzfeed.com', 'Male', 'False'),(757, 'Lilly', 'Odby', 'lodbyl0@altervista.org', 'Female', 'True'),(758, 'Lisabeth', 'De Gogay', 'ldegogayl1@com.com', 'Male', 'False'),(759, 'Sheeree', 'Bownes', 'sbownesl2@yahoo.co.jp', 'Non-binary', 'False'),(760, 'Tiphany', 'Constant', 'tconstantl3@intel.com', 'Female', 'True'),(761, 'Nat', 'Swinden', 'nswindenl4@cam.ac.uk', 'Female', 'False'),(762, 'Lenard', 'Gyngell', 'lgyngelll5@npr.org', 'Genderfluid', 'True')
SET IDENTITY_INSERT TutorialAppSchema.Users ON;INSERT INTO TutorialAppSchema.Users (UserId,FirstName ,LastName,Email,Gender,Active)VALUES(763, 'Sibella', 'Sleicht', 'ssleichtl6@360.cn', 'Female', 'True'),(764, 'Ara', 'Bim', 'abiml7@unesco.org', 'Male', 'False'),(765, 'Borden', 'Brennan', 'bbrennanl8@goo.ne.jp', 'Male', 'True'),(766, 'Lorianne', 'Hounsham', 'lhounshaml9@cnn.com', 'Male', 'False'),(767, 'Estrella', 'Gook', 'egookla@google.ru', 'Male', 'False'),(768, 'Alina', 'Boissier', 'aboissierlb@wikimedia.org', 'Male', 'True'),(769, 'Jerrine', 'Klimowicz', 'jklimowiczlc@twitter.com', 'Female', 'True'),(770, 'Tiffanie', 'Oxx', 'toxxld@github.io', 'Male', 'False'),(771, 'Roxy', 'Grishechkin', 'rgrishechkinle@rediff.com', 'Male', 'True'),(772, 'Schuyler', 'Drewes', 'sdreweslf@youtu.be', 'Male', 'False'),(773, 'Umberto', 'Chaunce', 'uchauncelg@google.nl', 'Non-binary', 'False'),(774, 'Willie', 'Poizer', 'wpoizerlh@tinyurl.com', 'Bigender', 'False'),(775, 'Raffaello', 'Cereceres', 'rcereceresli@noaa.gov', 'Male', 'True'),(776, 'Cybil', 'Sollime', 'csollimelj@smh.com.au', 'Non-binary', 'True'),(777, 'Kerri', 'Bulman', 'kbulmanlk@weather.com', 'Female', 'True'),(778, 'Towny', 'Coonihan', 'tcoonihanll@virginia.edu', 'Genderfluid', 'True'),(779, 'Sumner', 'Tungay', 'stungaylm@wufoo.com', 'Male', 'False'),(780, 'Melisa', 'Skettles', 'mskettlesln@goo.ne.jp', 'Male', 'True'),(781, 'Julie', 'Schanke', 'jschankelo@deliciousdays.com', 'Male', 'False'),(782, 'Archy', 'Iacovazzi', 'aiacovazzilp@oracle.com', 'Female', 'False'),(783, 'Shayne', 'McGraffin', 'smcgraffinlq@sitemeter.com', 'Male', 'False'),(784, 'Fairleigh', 'Chaise', 'fchaiselr@networksolutions.com', 'Female', 'False'),(785, 'Dee', 'Springtorpe', 'dspringtorpels@cmu.edu', 'Male', 'True'),(786, 'Pearle', 'Arpino', 'parpinolt@ebay.com', 'Female', 'False'),(787, 'Lura', 'Price', 'lpricelu@tuttocitta.it', 'Genderqueer', 'True'),(788, 'Felicdad', 'Cunniffe', 'fcunniffelv@cnn.com', 'Genderqueer', 'False'),(789, 'Hussein', 'Ruske', 'hruskelw@msn.com', 'Genderqueer', 'False'),(790, 'Ezequiel', 'Castlake', 'ecastlakelx@statcounter.com', 'Female', 'True'),(791, 'Nikita', 'Fynn', 'nfynnly@accuweather.com', 'Male', 'True'),(792, 'Tiphani', 'Crosskill', 'tcrosskilllz@themeforest.net', 'Male', 'False'),(793, 'Alyss', 'Cabrales', 'acabralesm0@google.de', 'Genderfluid', 'False'),(794, 'Harriot', 'Garriock', 'hgarriockm1@aboutads.info', 'Female', 'True'),(795, 'Vinnie', 'Fishleigh', 'vfishleighm2@nature.com', 'Male', 'True'),(796, 'Lisette', 'Frail', 'lfrailm3@cloudflare.com', 'Female', 'False'),(797, 'Gillan', 'Raymond', 'graymondm4@unesco.org', 'Male', 'False'),(798, 'Onofredo', 'MacGow', 'omacgowm5@ibm.com', 'Polygender', 'False'),(799, 'Ardys', 'De La Cote', 'adelacotem6@flavors.me', 'Male', 'False'),(800, 'Toma', 'Sainter', 'tsainterm7@admin.ch', 'Male', 'True'),(801, 'Ferdinand', 'Ecob', 'fecobm8@github.com', 'Female', 'True'),(802, 'Nicolas', 'Mimmack', 'nmimmackm9@cbsnews.com', 'Female', 'True'),(803, 'Amitie', 'Mapledorum', 'amapledorumma@zimbio.com', 'Female', 'False'),(804, 'Colly', 'Forsdyke', 'cforsdykemb@people.com.cn', 'Non-binary', 'False'),(805, 'Langsdon', 'Rangeley', 'lrangeleymc@1und1.de', 'Genderqueer', 'True'),(806, 'Lydie', 'Oakenford', 'loakenfordmd@opensource.org', 'Female', 'False'),(807, 'Clarette', 'Eastman', 'ceastmanme@cmu.edu', 'Male', 'False'),(808, 'Abagail', 'Tiron', 'atironmf@people.com.cn', 'Female', 'False'),(809, 'Hayward', 'Olijve', 'holijvemg@statcounter.com', 'Male', 'True'),(810, 'Burlie', 'Stambridge', 'bstambridgemh@zimbio.com', 'Male', 'False'),(811, 'Mireielle', 'Deetlefs', 'mdeetlefsmi@feedburner.com', 'Female', 'False'),(812, 'Phil', 'Cristofolini', 'pcristofolinimj@google.nl', 'Female', 'False'),(813, 'Mikel', 'Broxap', 'mbroxapmk@netvibes.com', 'Female', 'True'),(814, 'Johannah', 'Cornick', 'jcornickml@surveymonkey.com', 'Male', 'True'),(815, 'Gerri', 'Imison', 'gimisonmm@trellian.com', 'Female', 'True')
SET IDENTITY_INSERT TutorialAppSchema.Users ON;INSERT INTO TutorialAppSchema.Users (UserId,FirstName ,LastName,Email,Gender,Active)VALUES(816, 'Gracia', 'Plover', 'gplovermn@deviantart.com', 'Female', 'False'),(817, 'Catha', 'Perico', 'cpericomo@berkeley.edu', 'Male', 'False'),(818, 'Helen', 'Toone', 'htoonemp@yellowpages.com', 'Female', 'True'),(819, 'Esra', 'O''Criane', 'eocrianemq@yandex.ru', 'Female', 'False'),(820, 'Augustus', 'Elesander', 'aelesandermr@e-recht24.de', 'Female', 'True'),(821, 'Arda', 'Rableau', 'arableaums@sbwire.com', 'Male', 'False'),(822, 'Tallie', 'Sambrook', 'tsambrookmt@hatena.ne.jp', 'Female', 'True'),(823, 'Joice', 'Leahy', 'jleahymu@prnewswire.com', 'Female', 'False'),(824, 'Pierette', 'Henrionot', 'phenrionotmv@cbsnews.com', 'Female', 'True'),(825, 'Herold', 'Van''t Hoff', 'hvanthoffmw@army.mil', 'Male', 'False'),(826, 'Solly', 'MacWilliam', 'smacwilliammx@symantec.com', 'Female', 'False'),(827, 'Lelia', 'Sapsforde', 'lsapsfordemy@bbc.co.uk', 'Female', 'True'),(828, 'Leonerd', 'Christy', 'lchristymz@artisteer.com', 'Male', 'False'),(829, 'Nettie', 'Pourvoieur', 'npourvoieurn0@free.fr', 'Female', 'False'),(830, 'Rudd', 'Jandera', 'rjanderan1@geocities.com', 'Male', 'False'),(831, 'Meara', 'Ralfe', 'mralfen2@topsy.com', 'Male', 'False'),(832, 'Gertruda', 'Blankau', 'gblankaun3@cam.ac.uk', 'Male', 'True'),(833, 'Drusi', 'Gehringer', 'dgehringern4@taobao.com', 'Female', 'True'),(834, 'Fernando', 'Matus', 'fmatusn5@marketwatch.com', 'Female', 'True'),(835, 'Trina', 'Kleynen', 'tkleynenn6@ebay.co.uk', 'Male', 'True'),(836, 'Godiva', 'Emerson', 'gemersonn7@irs.gov', 'Polygender', 'True'),(837, 'Carri', 'Buntain', 'cbuntainn8@diigo.com', 'Female', 'True'),(838, 'Barbe', 'Unstead', 'bunsteadn9@telegraph.co.uk', 'Male', 'False'),(839, 'Gar', 'Helversen', 'ghelversenna@comsenz.com', 'Non-binary', 'True'),(840, 'Dorothea', 'Ehlerding', 'dehlerdingnb@facebook.com', 'Female', 'True'),(841, 'Ondrea', 'Corington', 'ocoringtonnc@un.org', 'Female', 'True'),(842, 'Hermine', 'Oglesbee', 'hoglesbeend@craigslist.org', 'Male', 'False'),(843, 'Estele', 'Josefovic', 'ejosefovicne@answers.com', 'Female', 'False'),(844, 'Jinny', 'Cursons', 'jcursonsnf@macromedia.com', 'Male', 'True'),(845, 'Neile', 'Yegorev', 'nyegorevng@ycombinator.com', 'Female', 'False'),(846, 'Hermon', 'Moulds', 'hmouldsnh@reverbnation.com', 'Female', 'True'),(847, 'Lynnet', 'Pearne', 'lpearneni@jalbum.net', 'Female', 'False'),(848, 'Alfons', 'Wedmore', 'awedmorenj@guardian.co.uk', 'Female', 'False'),(849, 'Gregorius', 'Forsyth', 'gforsythnk@umn.edu', 'Male', 'False'),(850, 'Saw', 'Meeks', 'smeeksnl@bizjournals.com', 'Male', 'False'),(851, 'Arturo', 'Van der Krui', 'avanderkruinm@bloglovin.com', 'Male', 'True'),(852, 'Granthem', 'Adenot', 'gadenotnn@live.com', 'Bigender', 'True'),(853, 'Lorraine', 'Lukins', 'llukinsno@eventbrite.com', 'Bigender', 'True'),(854, 'Betti', 'Blanket', 'bblanketnp@ft.com', 'Male', 'True'),(855, 'Erny', 'Whitlow', 'ewhitlownq@yolasite.com', 'Polygender', 'False'),(856, 'Shani', 'Sydall', 'ssydallnr@studiopress.com', 'Female', 'False'),(857, 'Wadsworth', 'Ladd', 'wladdns@simplemachines.org', 'Male', 'True'),(858, 'Buckie', 'Crowcher', 'bcrowchernt@taobao.com', 'Female', 'True'),(859, 'Emilio', 'Sivior', 'esiviornu@hibu.com', 'Female', 'False'),(860, 'Thomasine', 'Titchen', 'ttitchennv@booking.com', 'Female', 'True'),(861, 'Averill', 'Ebunoluwa', 'aebunoluwanw@quantcast.com', 'Female', 'False'),(862, 'Durante', 'Nash', 'dnashnx@msn.com', 'Female', 'True'),(863, 'Melissa', 'Weare', 'mweareny@economist.com', 'Female', 'True'),(864, 'Lesli', 'Barenski', 'lbarenskinz@php.net', 'Bigender', 'True'),(865, 'Marthe', 'Mannagh', 'mmannagho0@altervista.org', 'Female', 'False'),(866, 'Bendicty', 'Mace', 'bmaceo1@indiatimes.com', 'Male', 'False'),(867, 'Cord', 'Catmull', 'ccatmullo2@wiley.com', 'Female', 'True'),(868, 'Hyacinth', 'Toffoloni', 'htoffolonio3@feedburner.com', 'Female', 'False')
SET IDENTITY_INSERT TutorialAppSchema.Users ON;INSERT INTO TutorialAppSchema.Users (UserId,FirstName ,LastName,Email,Gender,Active)VALUES(869, 'Aubrette', 'Vergine', 'avergineo4@behance.net', 'Female', 'True'),(870, 'Rozella', 'Poser', 'rposero5@diigo.com', 'Male', 'False'),(871, 'Tadio', 'Izacenko', 'tizacenkoo6@auda.org.au', 'Female', 'False'),(872, 'Latia', 'Swidenbank', 'lswidenbanko7@tripadvisor.com', 'Male', 'False'),(873, 'Timmy', 'Mendez', 'tmendezo8@sciencedaily.com', 'Female', 'False'),(874, 'Bruis', 'Cavy', 'bcavyo9@storify.com', 'Female', 'True'),(875, 'Jarret', 'Dhennin', 'jdhenninoa@archive.org', 'Female', 'False'),(876, 'Chery', 'Ledes', 'cledesob@marriott.com', 'Female', 'False'),(877, 'Riley', 'Yedy', 'ryedyoc@jugem.jp', 'Male', 'True'),(878, 'Shaylyn', 'Buxcy', 'sbuxcyod@altervista.org', 'Male', 'False'),(879, 'Edythe', 'Punton', 'epuntonoe@howstuffworks.com', 'Male', 'False'),(880, 'Winthrop', 'Bowcock', 'wbowcockof@nsw.gov.au', 'Polygender', 'True'),(881, 'Joete', 'Frodsham', 'jfrodshamog@php.net', 'Female', 'True'),(882, 'Rodolphe', 'Whitehall', 'rwhitehalloh@hao123.com', 'Female', 'False'),(883, 'Yancy', 'Rook', 'yrookoi@cbslocal.com', 'Male', 'False'),(884, 'Bord', 'Simonini', 'bsimoninioj@squidoo.com', 'Male', 'False'),(885, 'Kris', 'Loalday', 'kloaldayok@e-recht24.de', 'Female', 'True'),(886, 'Elia', 'Ducker', 'educkerol@delicious.com', 'Female', 'True'),(887, 'Kermit', 'Krollman', 'kkrollmanom@cornell.edu', 'Male', 'False'),(888, 'Timmy', 'Gaukroger', 'tgaukrogeron@flickr.com', 'Female', 'False'),(889, 'Zelig', 'Culligan', 'zculliganoo@howstuffworks.com', 'Male', 'False'),(890, 'Phylys', 'Keelin', 'pkeelinop@multiply.com', 'Male', 'True'),(891, 'Victoria', 'Clemens', 'vclemensoq@wikipedia.org', 'Male', 'True'),(892, 'Prent', 'Millions', 'pmillionsor@ucsd.edu', 'Female', 'True'),(893, 'Harp', 'McMains', 'hmcmainsos@blogtalkradio.com', 'Male', 'False'),(894, 'Nissa', 'Roston', 'nrostonot@archive.org', 'Female', 'False'),(895, 'Vicky', 'Aasaf', 'vaasafou@mlb.com', 'Female', 'True'),(896, 'Elroy', 'Szymon', 'eszymonov@virginia.edu', 'Male', 'True'),(897, 'Gene', 'Kalewe', 'gkaleweow@cnn.com', 'Female', 'True'),(898, 'Byron', 'Edworthy', 'bedworthyox@netscape.com', 'Female', 'False'),(899, 'Halsy', 'Geraudel', 'hgeraudeloy@amazon.com', 'Female', 'True'),(900, 'Jocelyn', 'Norrey', 'jnorreyoz@adobe.com', 'Female', 'False'),(901, 'Em', 'Beamish', 'ebeamishp0@ucla.edu', 'Female', 'True'),(902, 'Nels', 'Darbyshire', 'ndarbyshirep1@zdnet.com', 'Male', 'False'),(903, 'Marigold', 'Brittoner', 'mbrittonerp2@g.co', 'Female', 'True'),(904, 'Sim', 'Brewse', 'sbrewsep3@alibaba.com', 'Female', 'True'),(905, 'Clarine', 'Cuddehy', 'ccuddehyp4@ow.ly', 'Female', 'False'),(906, 'Stuart', 'Squibe', 'ssquibep5@umich.edu', 'Male', 'False'),(907, 'Dorey', 'Adrain', 'dadrainp6@barnesandnoble.com', 'Male', 'True'),(908, 'Lazarus', 'Pibworth', 'lpibworthp7@gov.uk', 'Female', 'True'),(909, 'Rudd', 'Fleckno', 'rflecknop8@statcounter.com', 'Male', 'True'),(910, 'Ulrich', 'Clarycott', 'uclarycottp9@multiply.com', 'Female', 'False'),(911, 'Alta', 'Lanston', 'alanstonpa@pbs.org', 'Female', 'True'),(912, 'Cullen', 'Forcade', 'cforcadepb@tuttocitta.it', 'Male', 'True'),(913, 'Dorry', 'McShee', 'dmcsheepc@psu.edu', 'Female', 'True'),(914, 'Babbie', 'Tortoise', 'btortoisepd@istockphoto.com', 'Female', 'True'),(915, 'Alaric', 'Philippard', 'aphilippardpe@cafepress.com', 'Female', 'True'),(916, 'Sully', 'Goldston', 'sgoldstonpf@sfgate.com', 'Female', 'False'),(917, 'Steffi', 'Kirrens', 'skirrenspg@nba.com', 'Male', 'True'),(918, 'Vivian', 'Bonallick', 'vbonallickph@vk.com', 'Male', 'True'),(919, 'Zacharia', 'McCamish', 'zmccamishpi@salon.com', 'Male', 'True'),(920, 'Oswald', 'Elnor', 'oelnorpj@uol.com.br', 'Female', 'False'),(921, 'Lilyan', 'Slatter', 'lslatterpk@1und1.de', 'Female', 'False'),(922, 'Maddie', 'Rabidge', 'mrabidgepl@state.tx.us', 'Bigender', 'True'),(923, 'Emelda', 'Yoell', 'eyoellpm@freewebs.com', 'Female', 'False')
SET IDENTITY_INSERT TutorialAppSchema.Users ON;INSERT INTO TutorialAppSchema.Users (UserId,FirstName ,LastName,Email,Gender,Active)VALUES(924, 'Lorianne', 'Warnock', 'lwarnockpn@google.cn', 'Female', 'True'),(925, 'Roslyn', 'Jermy', 'rjermypo@jimdo.com', 'Female', 'True'),(926, 'Major', 'Hardey', 'mhardeypp@usatoday.com', 'Female', 'True'),(927, 'Ros', 'Adolfsen', 'radolfsenpq@cam.ac.uk', 'Female', 'True'),(928, 'Maryjo', 'Appleby', 'mapplebypr@time.com', 'Female', 'False'),(929, 'Winny', 'Gluyus', 'wgluyusps@liveinternet.ru', 'Male', 'False'),(930, 'Ringo', 'Yushin', 'ryushinpt@usa.gov', 'Female', 'True'),(931, 'Lucila', 'Pashbee', 'lpashbeepu@howstuffworks.com', 'Male', 'False'),(932, 'Kristian', 'Bittany', 'kbittanypv@nbcnews.com', 'Female', 'True'),(933, 'Thalia', 'Edsell', 'tedsellpw@so-net.ne.jp', 'Female', 'False'),(934, 'Greer', 'Follos', 'gfollospx@furl.net', 'Female', 'False'),(935, 'Chelsae', 'Navarre', 'cnavarrepy@seattletimes.com', 'Female', 'False'),(936, 'Marcos', 'Czadla', 'mczadlapz@i2i.jp', 'Male', 'True'),(937, 'Peter', 'Conor', 'pconorq0@mlb.com', 'Male', 'False'),(938, 'Lebbie', 'Smout', 'lsmoutq1@bloglines.com', 'Female', 'True'),(939, 'Ivy', 'Dyball', 'idyballq2@utexas.edu', 'Male', 'True'),(940, 'Della', 'Noore', 'dnooreq3@imgur.com', 'Male', 'False'),(941, 'Tyrus', 'Ackeroyd', 'tackeroydq4@twitter.com', 'Genderqueer', 'False'),(942, 'Nellie', 'Billitteri', 'nbillitteriq5@prnewswire.com', 'Male', 'True'),(943, 'Costa', 'Mardall', 'cmardallq6@theguardian.com', 'Female', 'True'),(944, 'Gerald', 'Vakhrushev', 'gvakhrushevq7@joomla.org', 'Male', 'True'),(945, 'Mitch', 'Tuttiett', 'mtuttiettq8@amazonaws.com', 'Female', 'False'),(946, 'Chrisy', 'Crewdson', 'ccrewdsonq9@tiny.cc', 'Female', 'False'),(947, 'Darell', 'Epp', 'deppqa@cnn.com', 'Female', 'False'),(948, 'Nigel', 'Beall', 'nbeallqb@telegraph.co.uk', 'Bigender', 'False'),(949, 'Willette', 'Kyneton', 'wkynetonqc@ebay.com', 'Female', 'True'),(950, 'Raddy', 'Burgoyne', 'rburgoyneqd@blogspot.com', 'Male', 'True'),(951, 'Bertina', 'Pettis', 'bpettisqe@linkedin.com', 'Female', 'True'),(952, 'Eldon', 'Conduit', 'econduitqf@hatena.ne.jp', 'Male', 'True'),(953, 'Jory', 'Di Filippo', 'jdifilippoqg@php.net', 'Female', 'False'),(954, 'Godwin', 'Furney', 'gfurneyqh@alexa.com', 'Male', 'True'),(955, 'Joyann', 'Hailey', 'jhaileyqi@loc.gov', 'Female', 'False'),(956, 'Torrie', 'Hundey', 'thundeyqj@globo.com', 'Male', 'True'),(957, 'Collete', 'Blanning', 'cblanningqk@angelfire.com', 'Male', 'False'),(958, 'Dougy', 'Jorden', 'djordenql@harvard.edu', 'Female', 'True'),(959, 'Elinor', 'Muirden', 'emuirdenqm@stumbleupon.com', 'Male', 'True'),(960, 'Birch', 'Scrivens', 'bscrivensqn@amazon.com', 'Female', 'True'),(961, 'Robinett', 'Stockwell', 'rstockwellqo@unblog.fr', 'Female', 'True'),(962, 'Tammy', 'Beynkn', 'tbeynknqp@alexa.com', 'Female', 'False'),(963, 'Brandon', 'Eversley', 'beversleyqq@baidu.com', 'Female', 'True'),(964, 'Carlee', 'Maxweell', 'cmaxweellqr@blogspot.com', 'Female', 'True'),(965, 'Mikael', 'Craythorn', 'mcraythornqs@goo.gl', 'Female', 'True'),(966, 'Niki', 'Sliman', 'nslimanqt@youku.com', 'Male', 'False'),(967, 'Maxwell', 'Padell', 'mpadellqu@unblog.fr', 'Agender', 'False'),(968, 'Yank', 'Curgenven', 'ycurgenvenqv@dyndns.org', 'Female', 'False'),(969, 'Silvanus', 'Rowesby', 'srowesbyqw@yandex.ru', 'Male', 'False'),(970, 'Zandra', 'Macguire', 'zmacguireqx@canalblog.com', 'Female', 'True'),(971, 'Horace', 'Bussy', 'hbussyqy@arstechnica.com', 'Female', 'True'),(972, 'Graham', 'Nattrass', 'gnattrassqz@google.it', 'Male', 'True'),(973, 'Christoper', 'Belson', 'cbelsonr0@qq.com', 'Male', 'False'),(974, 'Sydney', 'Dessent', 'sdessentr1@cbc.ca', 'Male', 'False'),(975, 'Jenn', 'Wallbrook', 'jwallbrookr2@biblegateway.com', 'Male', 'True'),(976, 'Karalee', 'Quin', 'kquinr3@goo.gl', 'Female', 'True'),(977, 'Tatiania', 'Windmill', 'twindmillr4@about.com', 'Female', 'False'),(978, 'Ignacius', 'Cogar', 'icogarr5@biblegateway.com', 'Female', 'False')
SET IDENTITY_INSERT TutorialAppSchema.Users ON;INSERT INTO TutorialAppSchema.Users (UserId,FirstName ,LastName,Email,Gender,Active)VALUES(979, 'Huntlee', 'Lockton', 'hlocktonr6@ebay.com', 'Male', 'True'),(980, 'Shannen', 'Regglar', 'sregglarr7@apple.com', 'Female', 'True'),(981, 'Damara', 'Tomich', 'dtomichr8@i2i.jp', 'Female', 'True'),(982, 'Gwenora', 'Sealy', 'gsealyr9@desdev.cn', 'Male', 'False'),(983, 'Prince', 'Domange', 'pdomangera@chicagotribune.com', 'Male', 'False'),(984, 'Rakel', 'Lantaff', 'rlantaffrb@feedburner.com', 'Bigender', 'True'),(985, 'Fidel', 'McGiveen', 'fmcgiveenrc@wikipedia.org', 'Female', 'True'),(986, 'Sandye', 'Stonham', 'sstonhamrd@linkedin.com', 'Polygender', 'False'),(987, 'Marika', 'Raraty', 'mraratyre@adobe.com', 'Male', 'True'),(988, 'Banky', 'Ivain', 'bivainrf@360.cn', 'Female', 'False'),(989, 'Alonso', 'Gaiter', 'agaiterrg@1und1.de', 'Female', 'False'),(990, 'Ralina', 'O''Dee', 'rodeerh@vk.com', 'Female', 'False'),(991, 'Ingunna', 'Ondricek', 'iondricekri@amazon.co.jp', 'Genderfluid', 'False'),(992, 'Marcello', 'Peirson', 'mpeirsonrj@istockphoto.com', 'Female', 'False'),(993, 'Rickie', 'Enriquez', 'renriquezrk@nps.gov', 'Agender', 'True'),(994, 'Shayla', 'Kid', 'skidrl@sun.com', 'Male', 'True'),(995, 'Nevil', 'Orwin', 'norwinrm@yelp.com', 'Female', 'False'),(996, 'Danice', 'Lansdale', 'dlansdalern@phpbb.com', 'Female', 'False'),(997, 'Suzy', 'Allsup', 'sallsupro@domainmarket.com', 'Male', 'False'),(998, 'Floris', 'Duchatel', 'fduchatelrp@over-blog.com', 'Female', 'True'),(999, 'Karoly', 'Lettson', 'klettsonrq@artisteer.com', 'Female', 'True'),(1000, 'Sherri', 'Astlet', 'sastletrr@posterous.com', 'Male', 'True')
SET IDENTITY_INSERT TutorialAppSchema.Users OFF
TRUNCATE TABLE TutorialAppSchema.UserSalary
INSERT INTO TutorialAppSchema.UserSalary (UserId,Salary)VALUES(1, '83269.85'),(2, '195482.69'),(3, '158082.66'),(4, '188517.96'),(5, '140094.31'),(6, '162617.50'),(7, '163631.06'),(8, '111026.47'),(9, '85650.64'),(10, '83665.55'),(11, '152507.96'),(12, '183936.85'),(13, '168896.59'),(14, '148539.42'),(15, '177475.09'),(16, '91634.32'),(17, '178230.00'),(18, '125237.08'),(19, '130936.85'),(20, '95038.33'),(21, '116935.87'),(22, '146582.25'),(23, '168210.76'),(24, '129184.39'),(25, '197991.64'),(26, '103864.02'),(27, '110630.31'),(28, '195814.47'),(29, '181551.29'),(30, '132719.73'),(31, '136861.86'),(32, '147540.83'),(33, '179549.19'),(34, '139921.77'),(35, '121359.03'),(36, '106014.68'),(37, '96134.48'),(38, '191745.69'),(39, '109896.95'),(40, '197854.30'),(41, '175567.42'),(42, '127635.81'),(43, '196268.31'),(44, '103644.19'),(45, '132159.55'),(46, '86972.33'),(47, '139846.24'),(48, '125964.94'),(49, '159077.52'),(50, '192827.97'),(51, '141347.43'),(52, '159955.39'),(53, '181724.82'),(54, '98978.82'),(55, '82492.23'),(56, '89992.38'),(57, '166256.28'),(58, '192559.53'),(59, '156889.50'),(60, '169491.40'),(61, '99517.13'),(62, '167062.78'),(63, '120571.55'),(64, '148778.84'),(65, '87922.78'),(66, '192747.48'),(67, '88583.74'),(68, '147181.83'),(69, '164113.64'),(70, '84691.94'),(71, '164242.00'),(72, '159109.65'),(73, '127692.60'),(74, '133129.32'),(75, '181888.96'),(76, '93718.08'),(77, '96562.03'),(78, '158414.79'),(79, '183079.37'),(80, '105335.08'),(81, '122423.71'),(82, '161401.45'),(83, '90063.34'),(84, '132821.45'),(85, '79092.42'),(86, '81376.53'),(87, '198928.75'),(88, '139666.92'),(89, '77482.74'),(90, '198113.86'),(91, '91549.72'),(92, '88636.74'),(93, '85876.10'),(94, '191989.74'),(95, '180880.65'),(96, '76817.82'),(97, '161969.83'),(98, '176666.12'),(99, '76464.93'),(100, '184759.41'),(101, '107430.50'),(102, '169507.42'),(103, '158038.80'),(104, '140128.39'),(105, '92161.23'),(106, '148120.24'),(107, '170868.77'),(108, '81937.22'),(109, '168578.55'),(110, '107685.74'),(111, '169377.81'),(112, '100463.24'),(113, '83424.91'),(114, '172066.38'),(115, '181127.75'),(116, '197255.04'),(117, '134693.10'),(118, '160460.94'),(119, '166174.18'),(120, '158114.89'),(121, '126923.86'),(122, '193633.84'),(123, '76743.62'),(124, '154075.48'),(125, '130366.93'),(126, '168835.17'),(127, '76714.60'),(128, '188174.98'),(129, '159400.39'),(130, '144668.00'),(131, '190117.53'),(132, '83423.19'),(133, '155499.89'),(134, '107101.08'),(135, '160401.90'),(136, '129265.12'),(137, '199946.47'),(138, '111438.13'),(139, '174059.64'),(140, '166824.13'),(141, '99044.08'),(142, '168704.30'),(143, '190865.68'),(144, '133485.42'),(145, '145326.56'),(146, '90259.60'),(147, '100504.16'),(148, '197736.37'),(149, '197674.25'),(150, '149008.78'),(151, '151351.94'),(152, '82322.60'),(153, '197333.73'),(154, '139416.37'),(155, '104982.99'),(156, '159777.88'),(157, '165125.09'),(158, '108913.49'),(159, '188063.97'),(160, '189936.59'),(161, '136876.39'),(162, '82050.92'),(163, '82496.74'),(164, '96987.88'),(165, '79317.25'),(166, '101801.14'),(167, '113603.62'),(168, '78820.20'),(169, '79942.74'),(170, '133558.81'),(171, '175974.22'),(172, '83581.89'),(173, '96894.19'),(174, '192940.61'),(175, '85034.29'),(176, '91821.96'),(177, '87510.56'),(178, '151150.59'),(179, '104719.48'),(180, '180469.58'),(181, '85180.62'),(182, '149125.47'),(183, '162298.45'),(184, '186050.09'),(185, '174894.06'),(186, '83044.77'),(187, '157947.85'),(188, '184789.93'),(189, '175083.36'),(190, '126195.79'),(191, '96674.09'),(192, '98006.09'),(193, '104285.27'),(194, '79755.73'),(195, '154081.00'),(196, '159924.62'),(197, '77267.29'),(198, '117463.80'),(199, '144781.50'),(200, '154619.99'),(201, '171324.08'),(202, '108769.14'),(203, '165590.61'),(204, '82455.15'),(205, '194233.80'),(206, '76210.29'),(207, '124707.92'),(208, '99752.03'),(209, '146006.23'),(210, '149943.93'),(211, '129174.20'),(212, '90230.02'),(213, '149031.01'),(214, '182977.20'),(215, '165814.25')
INSERT INTO TutorialAppSchema.UserSalary (UserId,Salary)VALUES(216, '172633.17'),(217, '179956.16'),(218, '76064.55'),(219, '108562.10'),(220, '191103.14'),(221, '159061.14'),(222, '142509.38'),(223, '111108.73'),(224, '190932.74'),(225, '121675.79'),(226, '163798.54'),(227, '144590.46'),(228, '183683.04'),(229, '189232.12'),(230, '152892.43'),(231, '132352.62'),(232, '120980.36'),(233, '167004.27'),(234, '90652.57'),(235, '86512.11'),(236, '80615.01'),(237, '168907.46'),(238, '128642.96'),(239, '121201.36'),(240, '135003.58'),(241, '168596.62'),(242, '117917.11'),(243, '96111.19'),(244, '175749.03'),(245, '111093.45'),(246, '127322.50'),(247, '123187.45'),(248, '197296.75'),(249, '121136.00'),(250, '190875.86'),(251, '170886.00'),(252, '98493.39'),(253, '91474.65'),(254, '98825.65'),(255, '174445.66'),(256, '180577.30'),(257, '155254.69'),(258, '150398.57'),(259, '189697.89'),(260, '190905.93'),(261, '172611.25'),(262, '98282.36'),(263, '143401.39'),(264, '103764.34'),(265, '163668.64'),(266, '112758.46'),(267, '134119.68'),(268, '171933.81'),(269, '166155.93'),(270, '133859.56'),(271, '114306.23'),(272, '130408.18'),(273, '159211.46'),(274, '199302.67'),(275, '113440.25'),(276, '164156.05'),(277, '101935.44'),(278, '179861.01'),(279, '96710.82'),(280, '172882.03'),(281, '156959.22'),(282, '169194.08'),(283, '151431.42'),(284, '106113.89'),(285, '159242.29'),(286, '139084.21'),(287, '82839.41'),(288, '117449.10'),(289, '135581.97'),(290, '155253.77'),(291, '163728.34'),(292, '179909.24'),(293, '126363.63'),(294, '119777.36'),(295, '149705.86'),(296, '137392.91'),(297, '125215.18'),(298, '150805.40'),(299, '185761.83'),(300, '143010.70'),(301, '117709.92'),(302, '199616.78'),(303, '93747.20'),(304, '169436.06'),(305, '117742.17'),(306, '147309.72'),(307, '128404.62'),(308, '104240.31'),(309, '104074.23'),(310, '93218.95'),(311, '166435.15'),(312, '159261.76'),(313, '105614.05'),(314, '112901.42'),(315, '85896.74'),(316, '121787.33'),(317, '173900.12'),(318, '139777.28'),(319, '103907.34'),(320, '108394.40'),(321, '146611.52'),(322, '179575.24'),(323, '152321.99'),(324, '138286.76'),(325, '157407.00'),(326, '165716.56'),(327, '133609.05'),(328, '100719.81'),(329, '140209.02'),(330, '111136.03'),(331, '110009.03'),(332, '79858.46'),(333, '109470.32'),(334, '136706.42'),(335, '163347.96'),(336, '93479.59'),(337, '80726.18'),(338, '86046.33'),(339, '88849.05'),(340, '117340.16'),(341, '137389.69'),(342, '83196.38'),(343, '138394.13'),(344, '123804.43'),(345, '159478.59'),(346, '156797.69'),(347, '193644.15'),(348, '117397.79'),(349, '111456.72'),(350, '118540.18'),(351, '182020.28'),(352, '114820.98'),(353, '195629.49'),(354, '97291.08'),(355, '127464.73'),(356, '148085.45'),(357, '196532.24'),(358, '170168.85'),(359, '173841.19'),(360, '155675.62'),(361, '87288.40'),(362, '147859.22'),(363, '180263.10'),(364, '166076.01'),(365, '148321.07'),(366, '166079.45'),(367, '156859.99'),(368, '185137.00'),(369, '156815.73'),(370, '198665.62'),(371, '191171.37'),(372, '170806.67'),(373, '106731.24'),(374, '112815.00'),(375, '106748.60'),(376, '139298.67'),(377, '120611.53'),(378, '80453.21'),(379, '122906.94'),(380, '97500.65'),(381, '89021.80'),(382, '84019.04'),(383, '79703.29'),(384, '169002.64'),(385, '136184.64'),(386, '137926.00'),(387, '154895.92'),(388, '90112.83'),(389, '154869.11'),(390, '181478.83'),(391, '128538.45'),(392, '150544.75'),(393, '153845.22'),(394, '181192.53'),(395, '84149.09'),(396, '191363.46'),(397, '134935.50'),(398, '175431.06'),(399, '111743.72'),(400, '185948.37'),(401, '149210.05'),(402, '177042.89'),(403, '112277.47'),(404, '113185.74'),(405, '117494.00'),(406, '170969.65'),(407, '196808.79'),(408, '155212.15'),(409, '140323.20'),(410, '170473.00'),(411, '128596.97'),(412, '96301.12'),(413, '132361.98'),(414, '162068.44'),(415, '198648.33'),(416, '194373.96'),(417, '86564.36'),(418, '88565.02'),(419, '111690.75'),(420, '86984.36'),(421, '91547.62'),(422, '132994.98'),(423, '95886.51'),(424, '119307.69')
INSERT INTO TutorialAppSchema.UserSalary (UserId,Salary)VALUES(425, '131274.24'),(426, '187638.22'),(427, '121233.75'),(428, '98078.58'),(429, '143383.96'),(430, '159389.86'),(431, '100647.26'),(432, '154848.92'),(433, '159999.71'),(434, '128727.93'),(435, '154913.38'),(436, '137908.48'),(437, '191682.03'),(438, '159196.47'),(439, '154447.69'),(440, '193942.85'),(441, '190826.35'),(442, '96221.70'),(443, '108555.71'),(444, '116193.63'),(445, '85751.52'),(446, '195166.00'),(447, '172599.31'),(448, '115628.52'),(449, '123269.57'),(450, '158356.01'),(451, '156266.30'),(452, '85606.56'),(453, '130177.93'),(454, '81230.48'),(455, '152102.51'),(456, '83053.12'),(457, '127417.43'),(458, '199825.92'),(459, '172421.39'),(460, '183970.22'),(461, '194485.17'),(462, '160309.13'),(463, '154596.45'),(464, '116139.82'),(465, '163003.52'),(466, '97441.94'),(467, '90019.65'),(468, '139419.41'),(469, '75904.74'),(470, '159855.08'),(471, '199625.00'),(472, '127086.59'),(473, '183322.80'),(474, '188000.74'),(475, '140918.24'),(476, '145883.25'),(477, '76332.68'),(478, '105865.56'),(479, '150854.36'),(480, '84318.05'),(481, '91957.52'),(482, '199885.03'),(483, '179779.83'),(484, '181570.74'),(485, '86980.50'),(486, '122458.55'),(487, '199685.76'),(488, '90903.59'),(489, '116646.94'),(490, '189977.63'),(491, '157287.66'),(492, '105272.00'),(493, '150131.08'),(494, '174059.33'),(495, '196715.43'),(496, '153473.03'),(497, '93180.28'),(498, '99985.45'),(499, '137289.11'),(500, '103969.52'),(501, '112300.88'),(502, '183802.79'),(503, '175701.13'),(504, '96563.35'),(505, '93458.32'),(506, '199702.13'),(507, '125470.64'),(508, '81112.26'),(509, '186528.18'),(510, '125867.36'),(511, '135592.26'),(512, '143243.18'),(513, '116447.18'),(514, '141388.42'),(515, '194562.94'),(516, '155943.27'),(517, '89906.74'),(518, '122174.76'),(519, '191629.27'),(520, '91046.24'),(521, '144451.75'),(522, '117622.41'),(523, '135759.56'),(524, '101573.49'),(525, '77147.89'),(526, '140249.83'),(527, '119533.96'),(528, '183654.45'),(529, '83195.22'),(530, '172466.00'),(531, '87157.95'),(532, '148971.26'),(533, '143576.02'),(534, '150494.88'),(535, '129094.76'),(536, '94926.87'),(537, '78296.56'),(538, '131325.93'),(539, '150773.22'),(540, '116069.58'),(541, '146406.47'),(542, '194336.31'),(543, '94945.30'),(544, '118676.67'),(545, '180104.92'),(546, '102738.41'),(547, '169381.60'),(548, '159795.99'),(549, '138578.78'),(550, '182215.89'),(551, '113609.20'),(552, '166595.12'),(553, '129563.04'),(554, '151181.87'),(555, '185862.21'),(556, '199609.46'),(557, '171595.75'),(558, '87838.59'),(559, '113015.94'),(560, '173000.06'),(561, '181377.78'),(562, '100991.49'),(563, '84894.38'),(564, '173603.42'),(565, '188017.75'),(566, '93742.78'),(567, '178872.66'),(568, '140220.59'),(569, '99792.01'),(570, '100384.77'),(571, '169038.50'),(572, '179361.32'),(573, '126659.89'),(574, '132811.76'),(575, '137954.53'),(576, '76665.69'),(577, '76407.96'),(578, '78630.21'),(579, '187295.51'),(580, '164955.25'),(581, '109649.66'),(582, '117462.07'),(583, '87881.94'),(584, '172036.00'),(585, '163436.21'),(586, '172230.29'),(587, '159682.14'),(588, '102102.38'),(589, '153779.91'),(590, '162087.39'),(591, '186058.95'),(592, '123002.38'),(593, '135074.42'),(594, '112925.59'),(595, '186743.38'),(596, '90122.67'),(597, '99336.29'),(598, '127236.68'),(599, '167822.90'),(600, '193098.00'),(601, '143671.46'),(602, '151419.36'),(603, '189231.46'),(604, '140774.15'),(605, '109164.15'),(606, '80930.57'),(607, '99600.60'),(608, '118332.94'),(609, '140295.65'),(610, '182699.98'),(611, '129884.47'),(612, '130723.49'),(613, '131008.06'),(614, '141069.86'),(615, '96394.20'),(616, '113949.52'),(617, '76814.37'),(618, '76958.03'),(619, '194515.41'),(620, '138138.54'),(621, '164916.87'),(622, '116890.27'),(623, '187547.27'),(624, '87794.03'),(625, '167229.05'),(626, '123502.56'),(627, '171736.68'),(628, '169804.38'),(629, '161889.23'),(630, '179719.15'),(631, '160500.01'),(632, '138188.27'),(633, '97931.87')
INSERT INTO TutorialAppSchema.UserSalary (UserId,Salary)VALUES(634, '132377.32'),(635, '98128.12'),(636, '75532.92'),(637, '120695.90'),(638, '78947.03'),(639, '142604.16'),(640, '100694.78'),(641, '170446.06'),(642, '152691.72'),(643, '128549.52'),(644, '117706.30'),(645, '114578.94'),(646, '192899.29'),(647, '98457.55'),(648, '183996.82'),(649, '102460.98'),(650, '185146.38'),(651, '176588.64'),(652, '141074.12'),(653, '162321.03'),(654, '153653.36'),(655, '114855.69'),(656, '166888.88'),(657, '135054.80'),(658, '199109.03'),(659, '181161.24'),(660, '122722.29'),(661, '159235.88'),(662, '104067.33'),(663, '109986.04'),(664, '174130.86'),(665, '151922.76'),(666, '183150.81'),(667, '117375.37'),(668, '94012.80'),(669, '132547.02'),(670, '145669.82'),(671, '100148.25'),(672, '147249.24'),(673, '158522.46'),(674, '178305.29'),(675, '159394.79'),(676, '172253.61'),(677, '83791.50'),(678, '79718.18'),(679, '191653.19'),(680, '104922.55'),(681, '79183.82'),(682, '109580.27'),(683, '156549.34'),(684, '126441.76'),(685, '193407.25'),(686, '194980.68'),(687, '155088.66'),(688, '121879.89'),(689, '173836.98'),(690, '169318.62'),(691, '155309.77'),(692, '173950.40'),(693, '145373.91'),(694, '93758.85'),(695, '156827.52'),(696, '154442.89'),(697, '179138.40'),(698, '170886.15'),(699, '117900.48'),(700, '138147.21'),(701, '97718.83'),(702, '103262.26'),(703, '175403.63'),(704, '115264.15'),(705, '91551.22'),(706, '86557.03'),(707, '189055.77'),(708, '192965.09'),(709, '79788.20'),(710, '178078.06'),(711, '160336.16'),(712, '135368.96'),(713, '98341.37'),(714, '127269.10'),(715, '119116.48'),(716, '180474.06'),(717, '146200.91'),(718, '157993.78'),(719, '148339.00'),(720, '172600.61'),(721, '182536.76'),(722, '191563.52'),(723, '102174.60'),(724, '182097.52'),(725, '98014.89'),(726, '159791.77'),(727, '186266.24'),(728, '81343.82'),(729, '83387.49'),(730, '87207.90'),(731, '156394.34'),(732, '164937.32'),(733, '97239.28'),(734, '183782.89'),(735, '80852.39'),(736, '152491.23'),(737, '199679.60'),(738, '130198.46'),(739, '171241.30'),(740, '127554.65'),(741, '81871.07'),(742, '96283.04'),(743, '114630.43'),(744, '189476.47'),(745, '144556.71'),(746, '124731.56'),(747, '82149.53'),(748, '125405.49'),(749, '76942.46'),(750, '160141.18'),(751, '187926.41'),(752, '117797.81'),(753, '155158.85'),(754, '100916.57'),(755, '97027.56'),(756, '126293.09'),(757, '136452.16'),(758, '110484.36'),(759, '95443.87'),(760, '192596.65'),(761, '128019.59'),(762, '76958.41'),(763, '182308.62'),(764, '156497.56'),(765, '185991.54'),(766, '139570.12'),(767, '134493.97'),(768, '104204.14'),(769, '188118.10'),(770, '156023.89'),(771, '85330.92'),(772, '175780.93'),(773, '163187.54'),(774, '166818.48'),(775, '127729.43'),(776, '104566.52'),(777, '164298.82'),(778, '159294.37'),(779, '105187.92'),(780, '145630.61'),(781, '152896.79'),(782, '99855.21'),(783, '116229.67'),(784, '143965.50'),(785, '152804.36'),(786, '156715.00'),(787, '168233.89'),(788, '113309.68'),(789, '197414.86'),(790, '128502.56'),(791, '119713.92'),(792, '149884.48'),(793, '162891.95'),(794, '193740.49'),(795, '169635.19'),(796, '115209.89'),(797, '102362.66'),(798, '139609.69'),(799, '172199.53'),(800, '117408.18'),(801, '101896.39'),(802, '171923.55'),(803, '197040.81'),(804, '119967.17'),(805, '85245.25'),(806, '177513.49'),(807, '116663.76'),(808, '198651.44'),(809, '142372.61'),(810, '172660.73'),(811, '102019.33'),(812, '140104.47'),(813, '180212.74'),(814, '135349.39'),(815, '80604.58'),(816, '198010.80'),(817, '154536.68'),(818, '120427.33'),(819, '85183.73'),(820, '100700.38'),(821, '133364.90'),(822, '121269.34'),(823, '83813.66'),(824, '198193.96'),(825, '124856.72'),(826, '119976.61'),(827, '104528.51'),(828, '112928.98'),(829, '137768.93'),(830, '93219.79'),(831, '75807.45'),(832, '87641.30'),(833, '135664.09'),(834, '145264.26'),(835, '146003.64'),(836, '125336.75'),(837, '86182.22'),(838, '133692.27'),(839, '138534.36'),(840, '149286.62'),(841, '102375.81'),(842, '123702.09')
INSERT INTO TutorialAppSchema.UserSalary (UserId,Salary)VALUES(843, '80635.40'),(844, '84817.11'),(845, '93255.34'),(846, '158312.08'),(847, '77698.84'),(848, '79872.32'),(849, '181744.75'),(850, '133098.78'),(851, '189971.32'),(852, '146461.53'),(853, '171381.89'),(854, '145177.08'),(855, '157437.09'),(856, '111363.90'),(857, '136846.11'),(858, '91902.97'),(859, '165821.62'),(860, '87357.08'),(861, '102632.17'),(862, '149337.23'),(863, '160474.16'),(864, '114140.13'),(865, '105135.86'),(866, '164377.91'),(867, '108485.74'),(868, '88964.00'),(869, '163106.79'),(870, '192291.78'),(871, '127176.86'),(872, '136327.20'),(873, '157948.32'),(874, '129189.93'),(875, '110354.10'),(876, '117686.55'),(877, '148109.51'),(878, '156744.19'),(879, '136689.87'),(880, '102121.19'),(881, '143792.33'),(882, '122396.34'),(883, '162995.30'),(884, '160710.38'),(885, '106604.30'),(886, '143128.13'),(887, '128744.74'),(888, '78860.39'),(889, '128875.00'),(890, '100923.02'),(891, '162152.39'),(892, '112965.43'),(893, '141410.08'),(894, '86691.02'),(895, '82076.74'),(896, '163548.74'),(897, '104647.06'),(898, '142990.13'),(899, '100285.49'),(900, '82137.80'),(901, '192451.29'),(902, '136548.03'),(903, '136179.99'),(904, '176212.45'),(905, '118718.54'),(906, '127999.43'),(907, '84523.79'),(908, '168627.58'),(909, '197143.43'),(910, '180294.50'),(911, '120404.32'),(912, '89302.34'),(913, '139607.72'),(914, '111330.04'),(915, '160438.89'),(916, '161474.79'),(917, '167682.87'),(918, '107485.27'),(919, '101354.41'),(920, '175046.73'),(921, '136255.63'),(922, '118426.42'),(923, '126300.78'),(924, '85130.33'),(925, '89877.96'),(926, '112410.70'),(927, '102537.21'),(928, '199368.76'),(929, '184987.99'),(930, '97973.09'),(931, '107753.95'),(932, '173503.78'),(933, '153586.52'),(934, '104039.02'),(935, '124648.52'),(936, '142591.22'),(937, '123876.66'),(938, '174842.03'),(939, '142457.47'),(940, '139096.00'),(941, '118933.04'),(942, '199561.86'),(943, '185884.16'),(944, '164629.95'),(945, '164757.09'),(946, '99329.85'),(947, '193688.23'),(948, '80945.58'),(949, '134501.03'),(950, '79152.21'),(951, '124542.23'),(952, '138285.21'),(953, '161510.81'),(954, '179138.09'),(955, '153626.62'),(956, '140483.85'),(957, '119471.56'),(958, '182233.74'),(959, '188180.70'),(960, '192201.72'),(961, '112718.57'),(962, '85249.04'),(963, '147812.19'),(964, '126482.13'),(965, '128471.00'),(966, '199058.53'),(967, '125047.80'),(968, '156325.44'),(969, '147732.65'),(970, '168617.97'),(971, '195496.90'),(972, '82753.83'),(973, '165126.15'),(974, '107251.04'),(975, '180354.68'),(976, '121972.74'),(977, '181082.57'),(978, '169452.28'),(979, '147017.55'),(980, '109194.95'),(981, '104466.96'),(982, '187594.43'),(983, '139534.45'),(984, '111343.33'),(985, '126126.88'),(986, '85581.92'),(987, '192166.86'),(988, '98738.30'),(989, '76780.41'),(990, '94010.90'),(991, '138307.84'),(992, '162094.71'),(993, '187769.68'),(994, '183865.69'),(995, '122158.08'),(996, '196906.90'),(997, '153393.81'),(998, '81816.35'),(999, '165000.09'),(1000, '111265.54')
TRUNCATE TABLE TutorialAppSchema.UserJobInfo
INSERT INTO TutorialAppSchema.UserJobInfo (UserId,Department,JobTitle)VALUES(1, 'Services', 'Internal Auditor'),(2, 'Support', 'Marketing Assistant'),(3, 'Accounting', 'Sales Associate'),(4, 'Product Management', 'Financial Advisor'),(5, 'Sales', 'Design Engineer'),(6, 'Accounting', 'Project Manager'),(7, 'Research and Development', 'Software Consultant'),(8, 'Training', 'Dental Hygienist'),(9, 'Product Management', 'Senior Cost Accountant'),(10, 'Services', 'Internal Auditor'),(11, 'Sales', 'Environmental Specialist'),(12, 'Support', 'Librarian'),(13, 'Training', 'Dental Hygienist'),(14, 'Legal', 'Nuclear Power Engineer'),(15, 'Product Management', 'Budget/Accounting Analyst II'),(16, 'Training', 'Research Assistant IV'),(17, 'Human Resources', 'Quality Engineer'),(18, 'Business Development', 'Programmer Analyst II'),(19, 'Support', 'Financial Analyst'),(20, 'Legal', 'Recruiter'),(21, 'Support', 'Graphic Designer'),(22, 'Sales', 'Environmental Tech'),(23, 'Services', 'Staff Scientist'),(24, 'Support', 'Design Engineer'),(25, 'Legal', 'Environmental Specialist'),(26, 'Legal', 'Human Resources Manager'),(27, 'Marketing', 'Structural Engineer'),(28, 'Engineering', 'Automation Specialist II'),(29, 'Sales', 'Director of Sales'),(30, 'Business Development', 'Mechanical Systems Engineer'),(31, 'Human Resources', 'Developer III'),(32, 'Support', 'Sales Associate'),(33, 'Services', 'Analog Circuit Design manager'),(34, 'Services', 'Engineer III'),(35, 'Sales', 'Statistician IV'),(36, 'Engineering', 'General Manager'),(37, 'Legal', 'Pharmacist'),(38, 'Marketing', 'Software Engineer IV'),(39, 'Engineering', 'Web Designer II'),(40, 'Sales', 'Graphic Designer'),(41, 'Product Management', 'Senior Sales Associate'),(42, 'Marketing', 'Tax Accountant'),(43, 'Engineering', 'Health Coach IV'),(44, 'Training', 'Safety Technician II'),(45, 'Research and Development', 'Help Desk Operator'),(46, 'Business Development', 'Senior Financial Analyst'),(47, 'Marketing', 'Compensation Analyst'),(48, 'Legal', 'Programmer III'),(49, 'Legal', 'Geologist I'),(50, 'Sales', 'Assistant Professor'),(51, 'Training', 'Administrative Officer'),(52, 'Legal', 'Web Developer III'),(53, 'Legal', 'Financial Analyst'),(54, 'Research and Development', 'Senior Quality Engineer'),(55, 'Marketing', 'Software Consultant'),(56, 'Services', 'Director of Sales'),(57, 'Legal', 'Account Representative III'),(58, 'Sales', 'Librarian'),(59, 'Legal', 'Senior Sales Associate'),(60, 'Services', 'Physical Therapy Assistant'),(61, 'Accounting', 'VP Accounting'),(62, 'Services', 'Desktop Support Technician'),(63, 'Services', 'Media Manager I'),(64, 'Support', 'Recruiter'),(65, 'Support', 'Staff Accountant II'),(66, 'Services', 'Assistant Media Planner'),(67, 'Support', 'Software Engineer III'),(68, 'Marketing', 'Account Executive'),(69, 'Services', 'Safety Technician II'),(70, 'Engineering', 'Data Coordiator'),(71, 'Human Resources', 'Software Test Engineer IV'),(72, 'Accounting', 'Assistant Media Planner'),(73, 'Support', 'Senior Quality Engineer'),(74, 'Research and Development', 'Pharmacist'),(75, 'Support', 'Information Systems Manager'),(76, 'Legal', 'Web Designer II'),(77, 'Support', 'Geologist III'),(78, 'Business Development', 'Dental Hygienist'),(79, 'Sales', 'Marketing Manager'),(80, 'Sales', 'Software Test Engineer I'),(81, 'Engineering', 'Chief Design Engineer'),(82, 'Business Development', 'Occupational Therapist'),(83, 'Product Management', 'Mechanical Systems Engineer'),(84, 'Training', 'Biostatistician II'),(85, 'Services', 'Staff Accountant I'),(86, 'Accounting', 'Human Resources Manager'),(87, 'Engineering', 'Sales Associate'),(88, 'Sales', 'Product Engineer'),(89, 'Accounting', 'Safety Technician I'),(90, 'Human Resources', 'Dental Hygienist'),(91, 'Legal', 'Paralegal'),(92, 'Research and Development', 'Chief Design Engineer'),(93, 'Training', 'Paralegal'),(94, 'Human Resources', 'Safety Technician III'),(95, 'Support', 'Senior Sales Associate')
INSERT INTO TutorialAppSchema.UserJobInfo (UserId,Department,JobTitle)VALUES(96, 'Product Management', 'Senior Cost Accountant'),(97, 'Research and Development', 'Speech Pathologist'),(98, 'Support', 'Staff Accountant IV'),(99, 'Human Resources', 'Quality Control Specialist'),(100, 'Engineering', 'Chief Design Engineer'),(101, 'Legal', 'Quality Control Specialist'),(102, 'Product Management', 'Software Consultant'),(103, 'Product Management', 'Research Assistant III'),(104, 'Legal', 'Information Systems Manager'),(105, 'Human Resources', 'Nurse Practicioner'),(106, 'Engineering', 'VP Marketing'),(107, 'Support', 'Senior Cost Accountant'),(108, 'Training', 'Administrative Assistant II'),(109, 'Business Development', 'GIS Technical Architect'),(110, 'Support', 'Actuary'),(111, 'Support', 'Desktop Support Technician'),(112, 'Human Resources', 'Account Representative III'),(113, 'Accounting', 'Account Representative II'),(114, 'Training', 'Computer Systems Analyst IV'),(115, 'Marketing', 'Chemical Engineer'),(116, 'Accounting', 'Media Manager IV'),(117, 'Research and Development', 'Developer III'),(118, 'Support', 'Account Executive'),(119, 'Marketing', 'Professor'),(120, 'Marketing', 'Engineer II'),(121, 'Engineering', 'Engineer IV'),(122, 'Engineering', 'Desktop Support Technician'),(123, 'Engineering', 'Automation Specialist II'),(124, 'Legal', 'Human Resources Manager'),(125, 'Engineering', 'Programmer Analyst I'),(126, 'Accounting', 'Biostatistician II'),(127, 'Research and Development', 'Help Desk Operator'),(128, 'Support', 'Nuclear Power Engineer'),(129, 'Services', 'Help Desk Technician'),(130, 'Human Resources', 'Marketing Assistant'),(131, 'Engineering', 'Speech Pathologist'),(132, 'Services', 'Executive Secretary'),(133, 'Engineering', 'Accountant I'),(134, 'Engineering', 'VP Quality Control'),(135, 'Services', 'Web Designer III'),(136, 'Marketing', 'Community Outreach Specialist'),(137, 'Research and Development', 'Computer Systems Analyst III'),(138, 'Product Management', 'Accountant IV'),(139, 'Marketing', 'Executive Secretary'),(140, 'Services', 'Human Resources Assistant II'),(141, 'Engineering', 'VP Accounting'),(142, 'Legal', 'VP Product Management'),(143, 'Sales', 'Technical Writer'),(144, 'Business Development', 'Research Nurse'),(145, 'Legal', 'Speech Pathologist'),(146, 'Accounting', 'Executive Secretary'),(147, 'Accounting', 'Operator'),(148, 'Business Development', 'Health Coach II'),(149, 'Marketing', 'Food Chemist'),(150, 'Legal', 'Help Desk Operator'),(151, 'Human Resources', 'Operator'),(152, 'Research and Development', 'Programmer IV'),(153, 'Marketing', 'Health Coach III'),(154, 'Marketing', 'Geologist IV'),(155, 'Human Resources', 'Teacher'),(156, 'Human Resources', 'Junior Executive'),(157, 'Services', 'Research Assistant I'),(158, 'Business Development', 'VP Accounting'),(159, 'Accounting', 'Senior Cost Accountant'),(160, 'Accounting', 'Database Administrator IV'),(161, 'Research and Development', 'VP Accounting'),(162, 'Research and Development', 'Business Systems Development Analyst'),(163, 'Research and Development', 'Structural Analysis Engineer'),(164, 'Product Management', 'Media Manager I'),(165, 'Legal', 'Tax Accountant'),(166, 'Product Management', 'Editor'),(167, 'Accounting', 'Research Assistant III'),(168, 'Sales', 'Clinical Specialist'),(169, 'Support', 'Junior Executive'),(170, 'Services', 'Web Developer I'),(171, 'Accounting', 'Chief Design Engineer'),(172, 'Sales', 'Physical Therapy Assistant'),(173, 'Training', 'Assistant Media Planner'),(174, 'Services', 'VP Accounting'),(175, 'Sales', 'Cost Accountant'),(176, 'Marketing', 'Administrative Officer'),(177, 'Research and Development', 'Design Engineer'),(178, 'Business Development', 'Account Coordinator'),(179, 'Human Resources', 'Structural Engineer'),(180, 'Business Development', 'Occupational Therapist'),(181, 'Training', 'Quality Engineer'),(182, 'Human Resources', 'Speech Pathologist')
INSERT INTO TutorialAppSchema.UserJobInfo (UserId,Department,JobTitle)VALUES(183, 'Engineering', 'Software Engineer III'),(184, 'Research and Development', 'Community Outreach Specialist'),(185, 'Research and Development', 'Help Desk Operator'),(186, 'Accounting', 'VP Quality Control'),(187, 'Sales', 'Junior Executive'),(188, 'Training', 'Dental Hygienist'),(189, 'Marketing', 'Research Nurse'),(190, 'Support', 'Help Desk Operator'),(191, 'Product Management', 'Human Resources Assistant II'),(192, 'Training', 'Budget/Accounting Analyst III'),(193, 'Marketing', 'Associate Professor'),(194, 'Engineering', 'Paralegal'),(195, 'Marketing', 'Clinical Specialist'),(196, 'Legal', 'Actuary'),(197, 'Product Management', 'Administrative Officer'),(198, 'Product Management', 'Senior Quality Engineer'),(199, 'Legal', 'Mechanical Systems Engineer'),(200, 'Legal', 'Clinical Specialist'),(201, 'Engineering', 'Director of Sales'),(202, 'Training', 'Marketing Manager'),(203, 'Legal', 'Office Assistant III'),(204, 'Marketing', 'Executive Secretary'),(205, 'Marketing', 'Chief Design Engineer'),(206, 'Training', 'Web Designer II'),(207, 'Human Resources', 'VP Sales'),(208, 'Human Resources', 'Cost Accountant'),(209, 'Marketing', 'Administrative Assistant IV'),(210, 'Business Development', 'Assistant Media Planner'),(211, 'Support', 'Web Developer III'),(212, 'Training', 'Database Administrator I'),(213, 'Research and Development', 'Senior Cost Accountant'),(214, 'Engineering', 'Staff Accountant II'),(215, 'Training', 'Accounting Assistant II'),(216, 'Product Management', 'Senior Sales Associate'),(217, 'Business Development', 'Help Desk Operator'),(218, 'Research and Development', 'Human Resources Manager'),(219, 'Training', 'Legal Assistant'),(220, 'Sales', 'Nurse'),(221, 'Engineering', 'Environmental Specialist'),(222, 'Legal', 'Information Systems Manager'),(223, 'Services', 'Research Assistant IV'),(224, 'Research and Development', 'General Manager'),(225, 'Sales', 'Nuclear Power Engineer'),(226, 'Services', 'Account Executive'),(227, 'Services', 'Research Assistant III'),(228, 'Training', 'Nurse Practicioner'),(229, 'Support', 'Developer I'),(230, 'Marketing', 'Paralegal'),(231, 'Services', 'Geological Engineer'),(232, 'Human Resources', 'Social Worker'),(233, 'Accounting', 'Computer Systems Analyst III'),(234, 'Legal', 'Registered Nurse'),(235, 'Human Resources', 'Compensation Analyst'),(236, 'Business Development', 'Developer IV'),(237, 'Support', 'Analyst Programmer'),(238, 'Engineering', 'GIS Technical Architect'),(239, 'Engineering', 'Systems Administrator III'),(240, 'Marketing', 'Sales Representative'),(241, 'Engineering', 'Technical Writer'),(242, 'Product Management', 'Analog Circuit Design manager'),(243, 'Human Resources', 'VP Quality Control'),(244, 'Accounting', 'Sales Associate'),(245, 'Support', 'Business Systems Development Analyst'),(246, 'Human Resources', 'Media Manager IV'),(247, 'Support', 'Analyst Programmer'),(248, 'Product Management', 'Nurse'),(249, 'Product Management', 'Teacher'),(250, 'Sales', 'Analyst Programmer'),(251, 'Engineering', 'Registered Nurse'),(252, 'Accounting', 'Associate Professor'),(253, 'Marketing', 'Senior Developer'),(254, 'Business Development', 'Assistant Professor'),(255, 'Legal', 'Geological Engineer'),(256, 'Human Resources', 'Structural Engineer'),(257, 'Services', 'Payment Adjustment Coordinator'),(258, 'Legal', 'Technical Writer'),(259, 'Sales', 'Accountant IV'),(260, 'Legal', 'Associate Professor'),(261, 'Support', 'Computer Systems Analyst III'),(262, 'Accounting', 'Research Associate'),(263, 'Support', 'Electrical Engineer'),(264, 'Business Development', 'Programmer IV'),(265, 'Research and Development', 'Librarian'),(266, 'Business Development', 'Paralegal'),(267, 'Support', 'Civil Engineer'),(268, 'Services', 'Operator'),(269, 'Support', 'Health Coach III'),(270, 'Support', 'Nuclear Power Engineer'),(271, 'Support', 'Computer Systems Analyst III')
INSERT INTO TutorialAppSchema.UserJobInfo (UserId,Department,JobTitle)VALUES(272, 'Services', 'Desktop Support Technician'),(273, 'Marketing', 'Food Chemist'),(274, 'Engineering', 'Research Nurse'),(275, 'Engineering', 'Cost Accountant'),(276, 'Business Development', 'Chemical Engineer'),(277, 'Services', 'Marketing Manager'),(278, 'Business Development', 'Programmer Analyst I'),(279, 'Engineering', 'Dental Hygienist'),(280, 'Marketing', 'Programmer Analyst I'),(281, 'Human Resources', 'Community Outreach Specialist'),(282, 'Human Resources', 'Project Manager'),(283, 'Sales', 'Research Assistant IV'),(284, 'Business Development', 'Tax Accountant'),(285, 'Marketing', 'Help Desk Technician'),(286, 'Human Resources', 'Project Manager'),(287, 'Human Resources', 'Project Manager'),(288, 'Engineering', 'Research Associate'),(289, 'Training', 'Budget/Accounting Analyst I'),(290, 'Business Development', 'Quality Control Specialist'),(291, 'Training', 'Tax Accountant'),(292, 'Research and Development', 'Paralegal'),(293, 'Business Development', 'Junior Executive'),(294, 'Accounting', 'Financial Advisor'),(295, 'Human Resources', 'Legal Assistant'),(296, 'Human Resources', 'Marketing Assistant'),(297, 'Research and Development', 'Nuclear Power Engineer'),(298, 'Services', 'Developer IV'),(299, 'Accounting', 'Senior Cost Accountant'),(300, 'Sales', 'Senior Developer'),(301, 'Engineering', 'Software Consultant'),(302, 'Legal', 'Social Worker'),(303, 'Marketing', 'Structural Engineer'),(304, 'Legal', 'Product Engineer'),(305, 'Engineering', 'Programmer I'),(306, 'Human Resources', 'Mechanical Systems Engineer'),(307, 'Training', 'Civil Engineer'),(308, 'Engineering', 'Research Nurse'),(309, 'Support', 'Information Systems Manager'),(310, 'Research and Development', 'Engineer III'),(311, 'Services', 'Geological Engineer'),(312, 'Services', 'Safety Technician II'),(313, 'Support', 'Account Representative III'),(314, 'Human Resources', 'Nurse Practicioner'),(315, 'Training', 'Information Systems Manager'),(316, 'Product Management', 'Mechanical Systems Engineer'),(317, 'Legal', 'Geological Engineer'),(318, 'Marketing', 'Professor'),(319, 'Engineering', 'Professor'),(320, 'Product Management', 'Structural Engineer'),(321, 'Sales', 'Senior Quality Engineer'),(322, 'Business Development', 'Systems Administrator III'),(323, 'Accounting', 'Marketing Manager'),(324, 'Services', 'Software Test Engineer I'),(325, 'Accounting', 'Junior Executive'),(326, 'Engineering', 'Design Engineer'),(327, 'Human Resources', 'Associate Professor'),(328, 'Research and Development', 'Director of Sales'),(329, 'Business Development', 'Health Coach III'),(330, 'Human Resources', 'Dental Hygienist'),(331, 'Human Resources', 'Automation Specialist IV'),(332, 'Human Resources', 'Chief Design Engineer'),(333, 'Business Development', 'Technical Writer'),(334, 'Research and Development', 'VP Quality Control'),(335, 'Business Development', 'Web Developer I'),(336, 'Marketing', 'Account Executive'),(337, 'Services', 'Computer Systems Analyst IV'),(338, 'Business Development', 'Registered Nurse'),(339, 'Research and Development', 'Senior Quality Engineer'),(340, 'Training', 'Tax Accountant'),(341, 'Product Management', 'Librarian'),(342, 'Training', 'Research Associate'),(343, 'Business Development', 'VP Sales'),(344, 'Engineering', 'Environmental Tech'),(345, 'Business Development', 'Assistant Professor'),(346, 'Human Resources', 'Community Outreach Specialist'),(347, 'Legal', 'Budget/Accounting Analyst I'),(348, 'Legal', 'VP Marketing'),(349, 'Training', 'Chief Design Engineer'),(350, 'Research and Development', 'Occupational Therapist'),(351, 'Business Development', 'Nurse'),(352, 'Human Resources', 'Automation Specialist I'),(353, 'Support', 'Assistant Media Planner'),(354, 'Human Resources', 'Statistician I'),(355, 'Marketing', 'Nuclear Power Engineer'),(356, 'Business Development', 'Computer Systems Analyst III'),(357, 'Engineering', 'Junior Executive')
INSERT INTO TutorialAppSchema.UserJobInfo (UserId,Department,JobTitle)VALUES(358, 'Support', 'Quality Engineer'),(359, 'Support', 'VP Product Management'),(360, 'Human Resources', 'Quality Engineer'),(361, 'Business Development', 'Structural Analysis Engineer'),(362, 'Product Management', 'Occupational Therapist'),(363, 'Support', 'Paralegal'),(364, 'Human Resources', 'Software Test Engineer I'),(365, 'Research and Development', 'Assistant Professor'),(366, 'Product Management', 'VP Marketing'),(367, 'Legal', 'Health Coach III'),(368, 'Marketing', 'Project Manager'),(369, 'Business Development', 'Assistant Manager'),(370, 'Research and Development', 'Nurse'),(371, 'Research and Development', 'Safety Technician I'),(372, 'Marketing', 'Structural Engineer'),(373, 'Product Management', 'Project Manager'),(374, 'Support', 'Executive Secretary'),(375, 'Sales', 'Sales Associate'),(376, 'Business Development', 'Senior Financial Analyst'),(377, 'Sales', 'Software Test Engineer I'),(378, 'Research and Development', 'Professor'),(379, 'Business Development', 'Assistant Media Planner'),(380, 'Business Development', 'GIS Technical Architect'),(381, 'Legal', 'Help Desk Technician'),(382, 'Training', 'Design Engineer'),(383, 'Sales', 'General Manager'),(384, 'Legal', 'Clinical Specialist'),(385, 'Business Development', 'Occupational Therapist'),(386, 'Human Resources', 'Physical Therapy Assistant'),(387, 'Marketing', 'Editor'),(388, 'Legal', 'Human Resources Assistant I'),(389, 'Accounting', 'Technical Writer'),(390, 'Business Development', 'Actuary'),(391, 'Business Development', 'Media Manager IV'),(392, 'Services', 'Editor'),(393, 'Support', 'Information Systems Manager'),(394, 'Engineering', 'Compensation Analyst'),(395, 'Marketing', 'Staff Scientist'),(396, 'Accounting', 'Teacher'),(397, 'Support', 'Accounting Assistant II'),(398, 'Business Development', 'Clinical Specialist'),(399, 'Research and Development', 'Recruiting Manager'),(400, 'Training', 'Nurse'),(401, 'Business Development', 'Operator'),(402, 'Sales', 'Structural Analysis Engineer'),(403, 'Support', 'Compensation Analyst'),(404, 'Sales', 'Engineer I'),(405, 'Training', 'Actuary'),(406, 'Sales', 'Physical Therapy Assistant'),(407, 'Sales', 'Developer IV'),(408, 'Engineering', 'Structural Engineer'),(409, 'Support', 'Food Chemist'),(410, 'Human Resources', 'Staff Scientist'),(411, 'Research and Development', 'Information Systems Manager'),(412, 'Sales', 'Account Executive'),(413, 'Business Development', 'Actuary'),(414, 'Legal', 'Media Manager I'),(415, 'Sales', 'Accountant IV'),(416, 'Sales', 'VP Marketing'),(417, 'Engineering', 'Staff Scientist'),(418, 'Training', 'Speech Pathologist'),(419, 'Product Management', 'Budget/Accounting Analyst IV'),(420, 'Services', 'Accountant I'),(421, 'Marketing', 'Product Engineer'),(422, 'Accounting', 'Staff Scientist'),(423, 'Research and Development', 'Nuclear Power Engineer'),(424, 'Research and Development', 'Paralegal'),(425, 'Legal', 'Speech Pathologist'),(426, 'Engineering', 'Software Consultant'),(427, 'Support', 'Database Administrator IV'),(428, 'Training', 'Accountant I'),(429, 'Support', 'Nuclear Power Engineer'),(430, 'Business Development', 'Librarian'),(431, 'Business Development', 'Professor'),(432, 'Research and Development', 'Internal Auditor'),(433, 'Product Management', 'VP Sales'),(434, 'Support', 'VP Sales'),(435, 'Training', 'Quality Control Specialist'),(436, 'Marketing', 'Developer IV'),(437, 'Services', 'Administrative Officer'),(438, 'Product Management', 'Database Administrator II'),(439, 'Product Management', 'Human Resources Assistant I'),(440, 'Marketing', 'Clinical Specialist'),(441, 'Sales', 'Project Manager'),(442, 'Legal', 'Business Systems Development Analyst'),(443, 'Marketing', 'Speech Pathologist'),(444, 'Training', 'Recruiter'),(445, 'Sales', 'Recruiting Manager'),(446, 'Engineering', 'VP Product Management'),(447, 'Training', 'Nurse'),(448, 'Accounting', 'Registered Nurse')
INSERT INTO TutorialAppSchema.UserJobInfo (UserId,Department,JobTitle)VALUES(449, 'Services', 'Research Associate'),(450, 'Business Development', 'Sales Associate'),(451, 'Services', 'Recruiting Manager'),(452, 'Sales', 'Librarian'),(453, 'Sales', 'Financial Analyst'),(454, 'Marketing', 'Research Associate'),(455, 'Legal', 'Senior Quality Engineer'),(456, 'Services', 'Information Systems Manager'),(457, 'Research and Development', 'Staff Accountant III'),(458, 'Business Development', 'Food Chemist'),(459, 'Services', 'Account Coordinator'),(460, 'Business Development', 'Physical Therapy Assistant'),(461, 'Engineering', 'Nurse'),(462, 'Legal', 'Account Executive'),(463, 'Legal', 'Electrical Engineer'),(464, 'Engineering', 'Business Systems Development Analyst'),(465, 'Training', 'Web Designer II'),(466, 'Business Development', 'VP Marketing'),(467, 'Product Management', 'Analog Circuit Design manager'),(468, 'Sales', 'Technical Writer'),(469, 'Human Resources', 'Staff Scientist'),(470, 'Engineering', 'Paralegal'),(471, 'Training', 'Technical Writer'),(472, 'Support', 'Senior Sales Associate'),(473, 'Training', 'Assistant Media Planner'),(474, 'Sales', 'Analog Circuit Design manager'),(475, 'Sales', 'Help Desk Operator'),(476, 'Human Resources', 'Professor'),(477, 'Business Development', 'Compensation Analyst'),(478, 'Sales', 'Chief Design Engineer'),(479, 'Product Management', 'Account Coordinator'),(480, 'Accounting', 'Web Designer III'),(481, 'Marketing', 'Senior Editor'),(482, 'Services', 'Developer IV'),(483, 'Product Management', 'Safety Technician I'),(484, 'Sales', 'Civil Engineer'),(485, 'Sales', 'Senior Quality Engineer'),(486, 'Business Development', 'Project Manager'),(487, 'Research and Development', 'Recruiting Manager'),(488, 'Engineering', 'GIS Technical Architect'),(489, 'Sales', 'Mechanical Systems Engineer'),(490, 'Business Development', 'Desktop Support Technician'),(491, 'Business Development', 'Geological Engineer'),(492, 'Legal', 'Clinical Specialist'),(493, 'Accounting', 'Food Chemist'),(494, 'Research and Development', 'Quality Engineer'),(495, 'Support', 'Operator'),(496, 'Research and Development', 'Software Test Engineer II'),(497, 'Business Development', 'Clinical Specialist'),(498, 'Sales', 'Social Worker'),(499, 'Training', 'Marketing Manager'),(500, 'Services', 'Administrative Officer'),(501, 'Research and Development', 'Programmer Analyst I'),(502, 'Legal', 'Nurse'),(503, 'Legal', 'Sales Representative'),(504, 'Human Resources', 'Librarian'),(505, 'Training', 'Research Assistant IV'),(506, 'Accounting', 'Environmental Specialist'),(507, 'Engineering', 'Professor'),(508, 'Legal', 'Account Coordinator'),(509, 'Legal', 'Engineer III'),(510, 'Accounting', 'Programmer Analyst IV'),(511, 'Human Resources', 'Nurse'),(512, 'Marketing', 'Budget/Accounting Analyst IV'),(513, 'Sales', 'Product Engineer'),(514, 'Marketing', 'Help Desk Technician'),(515, 'Engineering', 'Budget/Accounting Analyst IV'),(516, 'Marketing', 'VP Accounting'),(517, 'Product Management', 'Engineer III'),(518, 'Services', 'Human Resources Manager'),(519, 'Accounting', 'Actuary'),(520, 'Business Development', 'Computer Systems Analyst III'),(521, 'Business Development', 'Junior Executive'),(522, 'Accounting', 'Quality Engineer'),(523, 'Services', 'Account Representative II'),(524, 'Accounting', 'Quality Engineer'),(525, 'Training', 'Dental Hygienist'),(526, 'Support', 'Quality Engineer'),(527, 'Sales', 'Environmental Specialist'),(528, 'Support', 'Software Test Engineer I'),(529, 'Training', 'Quality Engineer'),(530, 'Marketing', 'Senior Quality Engineer'),(531, 'Training', 'Professor'),(532, 'Legal', 'Assistant Manager'),(533, 'Accounting', 'Registered Nurse'),(534, 'Product Management', 'Senior Quality Engineer'),(535, 'Marketing', 'Sales Representative'),(536, 'Accounting', 'VP Sales'),(537, 'Legal', 'Chief Design Engineer'),(538, 'Marketing', 'Web Designer III'),(539, 'Marketing', 'Project Manager')
INSERT INTO TutorialAppSchema.UserJobInfo (UserId,Department,JobTitle)VALUES(540, 'Legal', 'Compensation Analyst'),(541, 'Legal', 'Assistant Professor'),(542, 'Training', 'Office Assistant III'),(543, 'Services', 'VP Accounting'),(544, 'Engineering', 'Mechanical Systems Engineer'),(545, 'Human Resources', 'Quality Engineer'),(546, 'Services', 'Registered Nurse'),(547, 'Product Management', 'Account Representative II'),(548, 'Legal', 'Engineer III'),(549, 'Sales', 'VP Quality Control'),(550, 'Human Resources', 'Accounting Assistant II'),(551, 'Marketing', 'Librarian'),(552, 'Training', 'Senior Cost Accountant'),(553, 'Marketing', 'Financial Advisor'),(554, 'Product Management', 'Compensation Analyst'),(555, 'Product Management', 'Senior Financial Analyst'),(556, 'Accounting', 'Analog Circuit Design manager'),(557, 'Legal', 'VP Accounting'),(558, 'Human Resources', 'Administrative Assistant IV'),(559, 'Sales', 'Research Assistant II'),(560, 'Services', 'Marketing Assistant'),(561, 'Product Management', 'Accountant I'),(562, 'Accounting', 'Administrative Assistant IV'),(563, 'Business Development', 'Environmental Tech'),(564, 'Marketing', 'Programmer Analyst IV'),(565, 'Human Resources', 'Desktop Support Technician'),(566, 'Product Management', 'Accountant II'),(567, 'Product Management', 'Accountant IV'),(568, 'Legal', 'Chemical Engineer'),(569, 'Marketing', 'Developer IV'),(570, 'Services', 'Structural Analysis Engineer'),(571, 'Engineering', 'Help Desk Technician'),(572, 'Engineering', 'Health Coach I'),(573, 'Product Management', 'Web Designer I'),(574, 'Training', 'Geologist III'),(575, 'Sales', 'Actuary'),(576, 'Support', 'Community Outreach Specialist'),(577, 'Accounting', 'Developer I'),(578, 'Accounting', 'Budget/Accounting Analyst IV'),(579, 'Marketing', 'Senior Editor'),(580, 'Services', 'Research Associate'),(581, 'Accounting', 'Quality Control Specialist'),(582, 'Services', 'Assistant Professor'),(583, 'Engineering', 'Senior Sales Associate'),(584, 'Sales', 'Analog Circuit Design manager'),(585, 'Business Development', 'Payment Adjustment Coordinator'),(586, 'Marketing', 'Structural Engineer'),(587, 'Engineering', 'Accounting Assistant I'),(588, 'Marketing', 'Environmental Tech'),(589, 'Legal', 'VP Marketing'),(590, 'Legal', 'General Manager'),(591, 'Support', 'Senior Sales Associate'),(592, 'Research and Development', 'Developer III'),(593, 'Research and Development', 'Structural Engineer'),(594, 'Engineering', 'Research Assistant IV'),(595, 'Legal', 'Accountant I'),(596, 'Training', 'Research Assistant III'),(597, 'Sales', 'General Manager'),(598, 'Training', 'Paralegal'),(599, 'Research and Development', 'Occupational Therapist'),(600, 'Research and Development', 'Research Assistant III'),(601, 'Engineering', 'Developer III'),(602, 'Accounting', 'Biostatistician IV'),(603, 'Support', 'Assistant Manager'),(604, 'Product Management', 'Nurse Practicioner'),(605, 'Human Resources', 'Web Designer III'),(606, 'Human Resources', 'Sales Associate'),(607, 'Support', 'Mechanical Systems Engineer'),(608, 'Human Resources', 'Civil Engineer'),(609, 'Legal', 'Food Chemist'),(610, 'Marketing', 'Data Coordiator'),(611, 'Human Resources', 'Editor'),(612, 'Marketing', 'Cost Accountant'),(613, 'Marketing', 'Office Assistant I'),(614, 'Business Development', 'Editor'),(615, 'Legal', 'Product Engineer'),(616, 'Support', 'Health Coach I'),(617, 'Support', 'Web Designer II'),(618, 'Human Resources', 'Human Resources Assistant III'),(619, 'Services', 'Sales Representative'),(620, 'Services', 'Help Desk Technician'),(621, 'Engineering', 'Executive Secretary'),(622, 'Research and Development', 'Web Designer II'),(623, 'Services', 'VP Quality Control'),(624, 'Training', 'Budget/Accounting Analyst IV'),(625, 'Accounting', 'Nurse Practicioner'),(626, 'Accounting', 'Help Desk Operator'),(627, 'Services', 'Information Systems Manager'),(628, 'Marketing', 'Business Systems Development Analyst'),(629, 'Legal', 'Media Manager III')
INSERT INTO TutorialAppSchema.UserJobInfo (UserId,Department,JobTitle)VALUES(630, 'Human Resources', 'Media Manager III'),(631, 'Services', 'Analog Circuit Design manager'),(632, 'Marketing', 'Recruiting Manager'),(633, 'Product Management', 'VP Product Management'),(634, 'Sales', 'Senior Financial Analyst'),(635, 'Engineering', 'Editor'),(636, 'Support', 'Computer Systems Analyst IV'),(637, 'Accounting', 'Health Coach II'),(638, 'Business Development', 'Information Systems Manager'),(639, 'Training', 'Engineer III'),(640, 'Marketing', 'Business Systems Development Analyst'),(641, 'Legal', 'Occupational Therapist'),(642, 'Accounting', 'Nurse Practicioner'),(643, 'Product Management', 'Sales Associate'),(644, 'Training', 'Community Outreach Specialist'),(645, 'Product Management', 'VP Sales'),(646, 'Legal', 'Human Resources Manager'),(647, 'Business Development', 'Chemical Engineer'),(648, 'Services', 'Information Systems Manager'),(649, 'Human Resources', 'Account Representative IV'),(650, 'Business Development', 'Actuary'),(651, 'Marketing', 'Technical Writer'),(652, 'Product Management', 'Chemical Engineer'),(653, 'Product Management', 'VP Product Management'),(654, 'Support', 'Quality Engineer'),(655, 'Marketing', 'Staff Accountant IV'),(656, 'Services', 'Analog Circuit Design manager'),(657, 'Sales', 'Accountant I'),(658, 'Product Management', 'Human Resources Manager'),(659, 'Business Development', 'Geological Engineer'),(660, 'Sales', 'Nuclear Power Engineer'),(661, 'Engineering', 'Account Representative IV'),(662, 'Sales', 'Database Administrator III'),(663, 'Human Resources', 'Help Desk Operator'),(664, 'Services', 'Health Coach I'),(665, 'Accounting', 'Administrative Assistant II'),(666, 'Research and Development', 'General Manager'),(667, 'Research and Development', 'Chemical Engineer'),(668, 'Services', 'Geologist II'),(669, 'Sales', 'Graphic Designer'),(670, 'Legal', 'Product Engineer'),(671, 'Marketing', 'Accountant III'),(672, 'Sales', 'Accountant II'),(673, 'Legal', 'Pharmacist'),(674, 'Support', 'Executive Secretary'),(675, 'Research and Development', 'Physical Therapy Assistant'),(676, 'Product Management', 'Research Assistant III'),(677, 'Support', 'Mechanical Systems Engineer'),(678, 'Services', 'Pharmacist'),(679, 'Legal', 'Data Coordiator'),(680, 'Training', 'Information Systems Manager'),(681, 'Legal', 'Web Developer II'),(682, 'Services', 'Human Resources Assistant III'),(683, 'Human Resources', 'Business Systems Development Analyst'),(684, 'Services', 'Media Manager II'),(685, 'Training', 'Project Manager'),(686, 'Human Resources', 'Recruiting Manager'),(687, 'Accounting', 'Product Engineer'),(688, 'Product Management', 'Project Manager'),(689, 'Support', 'Nurse Practicioner'),(690, 'Services', 'Help Desk Technician'),(691, 'Services', 'Research Associate'),(692, 'Engineering', 'Associate Professor'),(693, 'Services', 'Senior Quality Engineer'),(694, 'Engineering', 'Help Desk Operator'),(695, 'Sales', 'Community Outreach Specialist'),(696, 'Services', 'Account Coordinator'),(697, 'Training', 'Physical Therapy Assistant'),(698, 'Services', 'Electrical Engineer'),(699, 'Training', 'Web Developer III'),(700, 'Support', 'Senior Financial Analyst'),(701, 'Research and Development', 'Web Developer II'),(702, 'Marketing', 'Sales Associate'),(703, 'Product Management', 'Legal Assistant'),(704, 'Research and Development', 'Engineer III'),(705, 'Accounting', 'Recruiting Manager'),(706, 'Support', 'Structural Engineer'),(707, 'Product Management', 'GIS Technical Architect'),(708, 'Engineering', 'Software Engineer II'),(709, 'Services', 'Account Representative II'),(710, 'Marketing', 'Senior Developer'),(711, 'Training', 'Senior Financial Analyst'),(712, 'Business Development', 'Desktop Support Technician'),(713, 'Engineering', 'Internal Auditor'),(714, 'Marketing', 'Web Designer III'),(715, 'Business Development', 'Social Worker'),(716, 'Training', 'Media Manager I'),(717, 'Engineering', 'Senior Editor')
INSERT INTO TutorialAppSchema.UserJobInfo (UserId,Department,JobTitle)VALUES(718, 'Training', 'Nuclear Power Engineer'),(719, 'Accounting', 'Speech Pathologist'),(720, 'Research and Development', 'Cost Accountant'),(721, 'Product Management', 'Legal Assistant'),(722, 'Legal', 'Assistant Professor'),(723, 'Legal', 'Assistant Professor'),(724, 'Research and Development', 'Project Manager'),(725, 'Accounting', 'Payment Adjustment Coordinator'),(726, 'Research and Development', 'Mechanical Systems Engineer'),(727, 'Support', 'Recruiting Manager'),(728, 'Business Development', 'Analog Circuit Design manager'),(729, 'Support', 'Paralegal'),(730, 'Human Resources', 'Programmer III'),(731, 'Support', 'Automation Specialist III'),(732, 'Human Resources', 'Web Developer I'),(733, 'Training', 'Programmer II'),(734, 'Legal', 'Automation Specialist IV'),(735, 'Sales', 'Chief Design Engineer'),(736, 'Human Resources', 'Programmer I'),(737, 'Services', 'Community Outreach Specialist'),(738, 'Product Management', 'Recruiting Manager'),(739, 'Sales', 'VP Sales'),(740, 'Business Development', 'General Manager'),(741, 'Product Management', 'Software Test Engineer II'),(742, 'Human Resources', 'Assistant Media Planner'),(743, 'Accounting', 'Marketing Assistant'),(744, 'Accounting', 'Help Desk Operator'),(745, 'Human Resources', 'Director of Sales'),(746, 'Marketing', 'Junior Executive'),(747, 'Services', 'Research Nurse'),(748, 'Business Development', 'Research Nurse'),(749, 'Sales', 'Senior Editor'),(750, 'Product Management', 'Database Administrator IV'),(751, 'Accounting', 'Assistant Professor'),(752, 'Accounting', 'Staff Scientist'),(753, 'Product Management', 'Systems Administrator II'),(754, 'Product Management', 'VP Sales'),(755, 'Human Resources', 'Design Engineer'),(756, 'Sales', 'Associate Professor'),(757, 'Support', 'Technical Writer'),(758, 'Accounting', 'VP Product Management'),(759, 'Engineering', 'Project Manager'),(760, 'Legal', 'Chemical Engineer'),(761, 'Support', 'Health Coach II'),(762, 'Training', 'Web Developer I'),(763, 'Product Management', 'Nurse'),(764, 'Sales', 'Assistant Manager'),(765, 'Accounting', 'Financial Analyst'),(766, 'Marketing', 'Chemical Engineer'),(767, 'Human Resources', 'Nurse'),(768, 'Accounting', 'Chemical Engineer'),(769, 'Marketing', 'Social Worker'),(770, 'Marketing', 'Web Designer II'),(771, 'Human Resources', 'Help Desk Operator'),(772, 'Human Resources', 'Accounting Assistant II'),(773, 'Business Development', 'Senior Editor'),(774, 'Human Resources', 'Account Executive'),(775, 'Research and Development', 'Registered Nurse'),(776, 'Marketing', 'Developer III'),(777, 'Services', 'Human Resources Assistant II'),(778, 'Support', 'Automation Specialist II'),(779, 'Research and Development', 'Developer I'),(780, 'Research and Development', 'Professor'),(781, 'Support', 'Recruiter'),(782, 'Product Management', 'Speech Pathologist'),(783, 'Legal', 'Electrical Engineer'),(784, 'Engineering', 'Research Nurse'),(785, 'Services', 'Operator'),(786, 'Marketing', 'Electrical Engineer'),(787, 'Research and Development', 'GIS Technical Architect'),(788, 'Research and Development', 'VP Accounting'),(789, 'Research and Development', 'Structural Analysis Engineer'),(790, 'Support', 'Help Desk Operator'),(791, 'Accounting', 'Research Nurse'),(792, 'Legal', 'Administrative Officer'),(793, 'Support', 'Senior Cost Accountant'),(794, 'Legal', 'Geologist III'),(795, 'Legal', 'Structural Analysis Engineer'),(796, 'Business Development', 'Quality Engineer'),(797, 'Accounting', 'Graphic Designer'),(798, 'Business Development', 'Desktop Support Technician'),(799, 'Legal', 'Speech Pathologist'),(800, 'Business Development', 'Computer Systems Analyst I'),(801, 'Research and Development', 'Help Desk Technician'),(802, 'Marketing', 'Librarian'),(803, 'Research and Development', 'Marketing Manager'),(804, 'Services', 'Design Engineer'),(805, 'Accounting', 'Design Engineer'),(806, 'Business Development', 'Software Engineer I')
INSERT INTO TutorialAppSchema.UserJobInfo (UserId,Department,JobTitle)VALUES(807, 'Business Development', 'Systems Administrator III'),(808, 'Research and Development', 'Media Manager IV'),(809, 'Product Management', 'Actuary'),(810, 'Accounting', 'Project Manager'),(811, 'Accounting', 'Senior Quality Engineer'),(812, 'Training', 'Librarian'),(813, 'Human Resources', 'Chief Design Engineer'),(814, 'Services', 'Account Representative II'),(815, 'Training', 'Technical Writer'),(816, 'Sales', 'Marketing Manager'),(817, 'Sales', 'Analyst Programmer'),(818, 'Legal', 'Librarian'),(819, 'Accounting', 'Sales Associate'),(820, 'Human Resources', 'Senior Sales Associate'),(821, 'Accounting', 'Engineer IV'),(822, 'Human Resources', 'Engineer II'),(823, 'Product Management', 'Analog Circuit Design manager'),(824, 'Human Resources', 'Associate Professor'),(825, 'Support', 'Account Coordinator'),(826, 'Training', 'Recruiter'),(827, 'Human Resources', 'Tax Accountant'),(828, 'Accounting', 'Media Manager II'),(829, 'Marketing', 'Web Designer II'),(830, 'Legal', 'VP Product Management'),(831, 'Training', 'Speech Pathologist'),(832, 'Training', 'Statistician II'),(833, 'Product Management', 'Product Engineer'),(834, 'Human Resources', 'Research Assistant III'),(835, 'Marketing', 'Cost Accountant'),(836, 'Research and Development', 'Internal Auditor'),(837, 'Human Resources', 'Clinical Specialist'),(838, 'Services', 'Administrative Assistant III'),(839, 'Product Management', 'Electrical Engineer'),(840, 'Services', 'VP Sales'),(841, 'Business Development', 'Sales Associate'),(842, 'Product Management', 'Food Chemist'),(843, 'Services', 'Operator'),(844, 'Accounting', 'Editor'),(845, 'Product Management', 'Geological Engineer'),(846, 'Sales', 'Environmental Specialist'),(847, 'Engineering', 'Database Administrator IV'),(848, 'Services', 'Web Developer II'),(849, 'Product Management', 'Systems Administrator IV'),(850, 'Research and Development', 'Automation Specialist I'),(851, 'Training', 'Technical Writer'),(852, 'Marketing', 'VP Quality Control'),(853, 'Training', 'Sales Associate'),(854, 'Business Development', 'Associate Professor'),(855, 'Accounting', 'Research Associate'),(856, 'Sales', 'Database Administrator I'),(857, 'Research and Development', 'Account Coordinator'),(858, 'Sales', 'Graphic Designer'),(859, 'Business Development', 'Account Executive'),(860, 'Marketing', 'Senior Cost Accountant'),(861, 'Marketing', 'Administrative Officer'),(862, 'Training', 'Engineer III'),(863, 'Human Resources', 'Sales Associate'),(864, 'Support', 'Accounting Assistant IV'),(865, 'Human Resources', 'Account Coordinator'),(866, 'Business Development', 'Software Consultant'),(867, 'Sales', 'Cost Accountant'),(868, 'Product Management', 'Legal Assistant'),(869, 'Business Development', 'Design Engineer'),(870, 'Business Development', 'Legal Assistant'),(871, 'Sales', 'Research Associate'),(872, 'Business Development', 'Account Executive'),(873, 'Accounting', 'VP Marketing'),(874, 'Engineering', 'Dental Hygienist'),(875, 'Marketing', 'Geologist II'),(876, 'Marketing', 'Statistician II'),(877, 'Legal', 'Accounting Assistant IV'),(878, 'Business Development', 'Biostatistician IV'),(879, 'Legal', 'VP Accounting'),(880, 'Support', 'Web Designer II'),(881, 'Research and Development', 'VP Sales'),(882, 'Sales', 'Professor'),(883, 'Support', 'Nuclear Power Engineer'),(884, 'Marketing', 'Clinical Specialist'),(885, 'Engineering', 'Editor'),(886, 'Support', 'Senior Editor'),(887, 'Legal', 'Librarian'),(888, 'Sales', 'VP Accounting'),(889, 'Human Resources', 'Software Consultant'),(890, 'Marketing', 'Junior Executive'),(891, 'Services', 'Paralegal'),(892, 'Sales', 'Sales Associate'),(893, 'Sales', 'Pharmacist'),(894, 'Sales', 'Food Chemist'),(895, 'Human Resources', 'Cost Accountant'),(896, 'Business Development', 'Senior Sales Associate'),(897, 'Engineering', 'Professor'),(898, 'Legal', 'Account Representative III')
INSERT INTO TutorialAppSchema.UserJobInfo (UserId,Department,JobTitle)VALUES(899, 'Support', 'Payment Adjustment Coordinator'),(900, 'Legal', 'Structural Engineer'),(901, 'Human Resources', 'Account Coordinator'),(902, 'Research and Development', 'Director of Sales'),(903, 'Engineering', 'Human Resources Manager'),(904, 'Support', 'Product Engineer'),(905, 'Human Resources', 'Senior Cost Accountant'),(906, 'Sales', 'Financial Analyst'),(907, 'Marketing', 'Analog Circuit Design manager'),(908, 'Marketing', 'Director of Sales'),(909, 'Human Resources', 'Librarian'),(910, 'Product Management', 'Staff Scientist'),(911, 'Product Management', 'Physical Therapy Assistant'),(912, 'Marketing', 'Account Executive'),(913, 'Human Resources', 'Speech Pathologist'),(914, 'Human Resources', 'Health Coach I'),(915, 'Human Resources', 'Graphic Designer'),(916, 'Services', 'Assistant Media Planner'),(917, 'Research and Development', 'Librarian'),(918, 'Engineering', 'Financial Advisor'),(919, 'Training', 'Sales Representative'),(920, 'Support', 'Account Representative I'),(921, 'Research and Development', 'Senior Quality Engineer'),(922, 'Product Management', 'Automation Specialist III'),(923, 'Research and Development', 'Executive Secretary'),(924, 'Human Resources', 'Sales Representative'),(925, 'Research and Development', 'Mechanical Systems Engineer'),(926, 'Training', 'VP Sales'),(927, 'Human Resources', 'Senior Sales Associate'),(928, 'Business Development', 'Design Engineer'),(929, 'Human Resources', 'Operator'),(930, 'Research and Development', 'Chemical Engineer'),(931, 'Accounting', 'Assistant Media Planner'),(932, 'Services', 'Business Systems Development Analyst'),(933, 'Human Resources', 'Software Consultant'),(934, 'Accounting', 'Legal Assistant'),(935, 'Research and Development', 'Senior Cost Accountant'),(936, 'Human Resources', 'Editor'),(937, 'Human Resources', 'Physical Therapy Assistant'),(938, 'Training', 'Recruiting Manager'),(939, 'Services', 'Mechanical Systems Engineer'),(940, 'Business Development', 'GIS Technical Architect'),(941, 'Services', 'Social Worker'),(942, 'Sales', 'Sales Associate'),(943, 'Legal', 'Computer Systems Analyst IV'),(944, 'Support', 'Recruiting Manager'),(945, 'Services', 'Executive Secretary'),(946, 'Services', 'Electrical Engineer'),(947, 'Research and Development', 'Marketing Manager'),(948, 'Product Management', 'Financial Analyst'),(949, 'Human Resources', 'Account Representative IV'),(950, 'Training', 'Assistant Media Planner'),(951, 'Legal', 'GIS Technical Architect'),(952, 'Sales', 'Human Resources Manager'),(953, 'Marketing', 'Web Designer III'),(954, 'Accounting', 'Civil Engineer'),(955, 'Support', 'Web Developer IV'),(956, 'Legal', 'Nurse'),(957, 'Business Development', 'Software Consultant'),(958, 'Engineering', 'Payment Adjustment Coordinator'),(959, 'Engineering', 'Programmer II'),(960, 'Support', 'Structural Analysis Engineer'),(961, 'Support', 'Business Systems Development Analyst'),(962, 'Sales', 'Associate Professor'),(963, 'Research and Development', 'Research Associate'),(964, 'Accounting', 'Food Chemist'),(965, 'Legal', 'Structural Analysis Engineer'),(966, 'Business Development', 'Data Coordiator'),(967, 'Human Resources', 'Staff Accountant III'),(968, 'Accounting', 'Automation Specialist II'),(969, 'Support', 'Accountant III'),(970, 'Support', 'Administrative Officer'),(971, 'Sales', 'Occupational Therapist'),(972, 'Legal', 'Electrical Engineer'),(973, 'Training', 'Staff Scientist'),(974, 'Training', 'Civil Engineer'),(975, 'Support', 'Senior Quality Engineer'),(976, 'Training', 'Account Executive'),(977, 'Business Development', 'Financial Analyst'),(978, 'Marketing', 'Geologist II'),(979, 'Business Development', 'Graphic Designer'),(980, 'Accounting', 'Web Designer III'),(981, 'Accounting', 'Civil Engineer'),(982, 'Sales', 'Engineer II'),(983, 'Training', 'Clinical Specialist'),(984, 'Business Development', 'Nurse'),(985, 'Engineering', 'Sales Associate')
INSERT INTO TutorialAppSchema.UserJobInfo (UserId,Department,JobTitle)VALUES(986, 'Legal', 'Geologist IV'),(987, 'Training', 'Environmental Tech'),(988, 'Business Development', 'Developer III'),(989, 'Sales', 'VP Product Management'),(990, 'Product Management', 'Senior Financial Analyst'),(991, 'Sales', 'Legal Assistant'),(992, 'Services', 'Senior Developer'),(993, 'Legal', 'Graphic Designer'),(994, 'Support', 'Geologist I'),(995, 'Training', 'Research Nurse'),(996, 'Business Development', 'GIS Technical Architect'),(997, 'Legal', 'Accounting Assistant I'),(998, 'Engineering', 'Dental Hygienist'),(999, 'Training', 'Analyst Programmer'),(1000, 'Research and Development', 'Junior Executive')
